ssp,date,mean_pr,med_pr,p10_pr,p90_pr,mean_spi,med_spi,p10_spi,p90_spi,mean_tasmax,med_tasmax,p10_tasmax,p90_tasmax
ssp126,2021,6.013576044208213,5.981693138851305,4.593028974064782,7.525836080748516,0.42310744778847753,0.46971666764834064,-0.29896756753067827,1.0886726739403925,33.88061094452855,33.441937826086985,32.80562467391307,35.23560673913046
ssp126,2022,5.969132909739385,5.932898180629351,4.818566302000243,7.15517719608047,0.32580227000268597,0.4208139427100581,-0.1675039051473081,0.7713318576458722,33.70385101824334,33.536883014181406,32.32131878396741,35.2597771022631
ssp126,2023,5.7471180940061455,5.616528183463618,4.234919437839372,7.409751628503387,0.3039753862356068,0.14016654723371919,-0.3715408786382714,1.0317656222094524,33.646615851712134,33.32177090852159,32.58685315217394,35.216634130434805
ssp126,2024,5.556772551670568,5.371431912336108,4.320093670341829,7.022515522213505,0.19210974429296696,0.12954748568095492,-0.47917560594013664,0.8280692861559035,34.23365315778715,34.46784086956524,33.1728189130435,34.964337091860585
ssp126,2025,6.010646130942667,6.077453261522763,4.792883603810087,6.9476183667959885,0.3828656571286099,0.45408740740281683,-0.16842677895425473,0.8193664746386838,33.665538310683374,33.70667784317682,32.731239347826104,34.75130449377974
ssp126,2026,5.678608006394322,5.846892040200378,4.636081357729103,7.118949304366803,0.1773962865437793,0.2824580742528148,-0.2650939155689837,0.7188560189397697,33.7548648579764,33.81743674900223,32.552306001082734,34.89204293478264
ssp126,2027,5.861654919784297,5.629231815246547,4.7200570032188685,7.043087024478313,0.38149549208039574,0.3430172776615564,-0.35155350423577647,1.176117004099656,33.82621099863628,33.67629626730216,32.939296092157804,35.255683043478285
ssp126,2028,5.256384707172388,5.529347579859564,4.0635237764937955,6.293096605754553,0.05653049231499597,0.07877009607419773,-0.6199227584797861,0.8716630791105917,34.32542410538385,34.04849989130437,32.839209714143195,36.20703108695655
ssp126,2029,5.665406063523233,5.708454690728383,3.737611468876492,7.754424090839933,0.21548483623500994,0.14827252868211396,-0.7856838646991646,1.07971398410772,34.3178441594006,34.24450272269873,32.99202549146572,35.80765271739133
ssp126,2030,5.838253276706126,5.915192248145634,4.190998968010168,7.288997713639044,0.24264811162492494,0.4025580956716464,-1.0457233259243894,1.0100109841005123,34.24645572629058,34.302786739130454,32.428984130434806,35.64282228260872
ssp126,2031,5.785854142943392,6.097586886710536,4.166218954899235,6.897879532890518,0.3373712149281504,0.509524499686079,-0.5552622950114202,0.9601642429905038,33.81162802938838,33.693463068423085,32.935223322329335,34.76750683991808
ssp126,2032,5.497427043243684,5.372773769966262,4.392744493457632,7.324834519567994,0.06848662949679032,0.20718628545612555,-0.5684700923965778,0.7700014309515086,34.14645405301747,34.03172021739133,32.76430763576344,35.25370310907781
ssp126,2033,5.49831305349235,5.32126912153745,3.6016147118952238,7.5551185132945955,0.06412612620722212,0.17430647045445585,-0.9451916231243664,0.7880418789909406,34.14102729125979,34.200024016007156,32.78833259914234,35.52184813126276
ssp126,2034,5.512006735248912,5.390004314907069,4.442008269841331,6.840073444099367,0.09866852383844554,0.18155578616842857,-0.4798049402080175,0.6065482004887649,34.31676084467603,34.22563987400223,33.47914989130437,35.42814445652176
ssp126,2035,5.887692972648623,5.8957998718085225,4.527072787140582,7.58568003643824,0.43815228449484744,0.3561574624217442,-0.5120916959036801,1.2330413865612404,33.92553524782298,33.79262945652176,32.6849136956522,34.9929659782609
ssp126,2036,5.215289163493545,5.002887258228522,4.294794154582061,6.412775343937858,0.11285473756846208,0.027880743302083785,-0.3082701310060806,0.6257893909917155,34.18739229225051,34.1585211956522,32.93843131687333,35.87329826086959
ssp126,2037,5.528795726454278,5.308053592485871,4.420807273532692,7.035532809037077,0.17666746678597178,0.1606414848580025,-0.3454959073097007,0.7776595937877577,34.16356038516598,34.1172943478261,32.994847704016664,35.370213251528554
ssp126,2038,6.0401259288124285,6.28136317767906,4.174362154152707,7.604830043428852,0.32718693962843176,0.41428677114069945,-0.5445930661653039,1.0289953639551916,34.041535115309706,33.90144163043481,33.226213405443296,34.9242061956522
ssp126,2039,5.995794478743363,6.341288454823657,4.368646189079701,7.373375107951147,0.1925743114670234,0.19427408215154812,-0.556860220600851,0.9603470985617762,34.36055730393437,34.20634913043481,33.28232880434785,36.16932134213657
ssp126,2040,5.263355776900453,5.163408379302261,3.549782979846155,6.38838343535605,0.06808982399728251,0.25983414731917265,-0.7176024162982954,0.552737516555027,34.39890432591159,34.19481861280361,33.19806060791018,35.96128865117614
ssp126,2041,5.603517002299202,5.846207109530548,3.7753533305167526,7.284211226962852,0.19026758418892795,0.33088011848148513,-0.9565333858882168,0.9912359358911293,34.77048435882256,34.52993326086959,33.1620889130435,36.39629682457968
ssp126,2042,6.113737600302403,6.014757356418679,4.629798612607888,7.592979177409393,0.486491829239113,0.475474643500331,-0.11238754886324051,1.3240563103354894,34.133159590930525,34.09382326086959,33.14383418871011,35.23067494268005
ssp126,2043,6.272289245547866,5.712683132484313,5.089511720052589,8.342251248950609,0.40562353228743825,0.27075766195544765,-0.42097209979844924,1.2681322366787895,33.80674236178762,34.01749771781592,32.19688833485481,35.08876445652176
ssp126,2044,5.771888111969056,5.729217709714678,4.661405903918948,6.734458517479586,0.24925531008979582,0.24864713330878951,-0.3547450828339868,1.0177075429485782,34.2853407293436,34.03543143894364,32.74017486572268,36.016852065217414
ssp126,2045,6.041842155869303,6.2099126865478205,4.628141628344262,7.515069276294609,0.3584632090285232,0.3633023877970663,-0.22642812852609714,0.8899902849130961,33.779213699028716,33.65553734820824,32.922697515073054,34.66958032608698
ssp126,2046,5.9120412172615495,5.829790714747043,4.754832430746729,7.241178047511625,0.36762888805502636,0.4357847910346832,-0.27796905563114344,0.8760842808481234,34.34911366083057,34.2347586590311,33.2199005790379,35.7960787565812
ssp126,2047,5.536472425378012,5.452188067314465,4.797638610214196,6.860309023927159,0.095471439284661,0.012797214499522019,-0.3697942752728327,0.7615666609482162,34.45897837865859,34.35754304347829,33.27721358589506,35.701912125297234
ssp126,2048,6.116769192585665,5.9123780559179515,4.334264736019165,7.382544030721565,0.483030249333857,0.5056876705315627,-0.5335957084133468,1.3692940750185914,34.065020608969135,34.17730931821079,32.81163409689201,34.96394717391306
ssp126,2049,5.909133730475409,6.0578753519393045,4.690876332727842,7.202909218492788,0.2628404697032867,0.32839350318055344,-0.5998514974333438,0.7694312553278247,34.33639597258955,34.389234565217414,32.8137491304348,35.560130774456546
ssp126,2050,5.602636711359139,5.498578046879398,4.678834661382423,7.222026634284636,0.18899660135859256,0.19055285903004637,-0.5640217737137464,0.7011694288374741,34.60803727183215,34.919127717391326,33.13102880434785,35.835271847826114
ssp126,2051,5.7161552450316995,5.824496388716935,3.6677732230331848,7.470856434433899,0.2045556291986329,0.32560061671072427,-0.6302752504050674,1.0061574837021385,34.19464470364464,33.89663923913046,32.907874928350054,35.577125416631304
ssp126,2052,5.631714001216737,5.708275613554766,3.673511551014449,6.9410430140314245,0.20621910296131943,0.2591790986296977,-0.5824208005517352,0.8734491126361797,34.388547141565695,34.45864058784819,32.79790130434785,36.143433147928015
ssp126,2053,5.709410672516231,5.911616130875999,3.9951089554636705,7.342459930460035,0.23795732415146695,0.3728913837834098,-0.7236145495773423,0.9738645770424758,34.47934713290957,34.38633989130437,32.845437622070335,36.008611795176655
ssp126,2054,5.636445492266982,5.8020330908604665,4.218171058604348,6.824941141262879,0.2037589339639213,0.11288571127338476,-0.46733288049293714,0.7792530584824499,34.22168179172432,34.28645543637485,33.50205456521741,34.749587548297406
ssp126,2055,5.559771603788615,5.578746631220661,4.479755788927225,6.481175040742762,0.2211853454780728,0.21577182293983455,-0.4174786639777468,0.729835162659385,34.31299374648955,34.2649261956522,33.30428798509683,35.23731915017835
ssp126,2056,5.529855791627235,5.386705798617905,4.152547569268455,7.2129200073781155,0.1692872824639563,0.2253472505038775,-0.6098722455464267,0.9691183317702425,34.33879427444997,34.36268684782611,33.48789102305539,35.14345445652176
ssp126,2057,5.788502865593167,5.612992922599604,4.5800461645005734,7.2013926964310615,0.28482597804879467,0.30935275836272996,-0.33786145635922793,0.9417673101248748,34.527093384115105,34.59363658739175,33.49917323900308,35.37536315217394
ssp126,2058,5.480744330392202,5.260471817129609,3.8784756275299803,7.660193362671288,0.1636362622860879,0.08427485491103466,-0.3210614779377077,0.8506864092304569,34.48565794859453,34.30665906823202,33.332745294985585,35.928469649605155
ssp126,2059,6.478131294575579,6.160059518204228,5.119164653610624,7.989168264131609,0.5538719883510378,0.4972206986810025,-0.10602845332779828,1.3163394238381165,34.103003890436476,34.0010691304348,32.52556152173916,35.53767576086959
ssp126,2060,5.450807352751164,5.227184851137524,4.532312934825446,6.471206489361601,0.17952687228658804,0.20640526833657158,-0.303635979951572,0.5785656732186688,34.34006310564063,34.24615782608698,32.92296487559445,35.664112608695675
ssp126,2061,5.746366227519934,5.591752715524953,4.102921344001586,7.107123093862775,0.24897202485537945,0.4237487484767962,-0.4162781443128849,0.8391852347736436,34.50802625685668,34.647918152173936,33.000214485500194,35.75525353473168
ssp126,2062,5.929638570240849,5.743826426959102,4.9408901556064135,7.3668355844579665,0.3906270243036554,0.40125981508800884,-0.13012895491098125,0.9049415541275703,34.385298222957026,34.140223826532804,33.30119173913045,35.83906989130437
ssp126,2063,5.5852116208531015,5.8564636263272885,3.566635679183798,6.753911951148731,0.161733965542326,0.3533130668506531,-0.862549860708988,0.8783666194932446,34.53836303527456,34.2203656403915,33.065591739130454,36.59203325354537
ssp126,2064,5.825016196835905,5.904455455213512,4.793309165254802,6.888686716905608,0.34253773720219594,0.35825579265348795,-0.14149309605144092,0.9923907771538606,34.35673754412983,34.145990543478284,33.079407932447374,35.81512043478263
ssp126,2065,5.463040421668998,5.624546845953287,3.999144156920157,6.7246642596362305,0.13095432264344334,0.23200334532931266,-0.8631215283565674,0.7364362190032607,34.54124986294008,34.58012250000002,32.9146914130435,35.86934051513674
ssp126,2066,5.649114944039847,5.562183137420768,4.413002308426555,7.377916362273535,0.3197541320193226,0.3832418662556725,-0.15466366304078968,0.9711633494546753,34.50035819239395,34.34809663192088,33.0792511956522,35.6336191304348
ssp126,2067,5.3861064799652345,5.506446336124549,3.8994106362829113,6.815031561534678,0.04197954977728512,0.12118522354376658,-0.6918311925613472,0.5862423037850554,34.30411812381975,34.18621248991595,32.69740282141646,35.62127978260872
ssp126,2068,5.8913033729718585,6.213489504700382,4.530128039924489,6.794371244685132,0.33193601684664215,0.4680807209442938,-0.49511336677054935,0.9389657184875493,34.115507728294254,34.01729815217393,33.19835516888165,35.06466097624408
ssp126,2069,6.066033076475758,5.957695951047986,5.234739901862973,7.145718227234722,0.4059743885260772,0.29643464478767767,-0.08911045635695267,1.1223697316179437,34.35314578543276,34.39673489130437,33.0782661956522,35.40491041100546
ssp126,2070,5.9835878078311655,5.865621508771117,5.012208174387646,7.477060948050561,0.44128509668989424,0.392962981976909,-0.09050346435309112,0.8925320676205901,34.22129273735981,34.29799041748049,33.013799783457905,35.70978467391306
ssp126,2071,5.474668145170713,5.7949000091331655,3.914001428927767,6.509525306819907,0.14287033044798714,0.30473977605076574,-0.6605966147070047,0.6913689804902058,34.53721955039459,34.07534532608698,33.2898123699686,36.15496929002847
ssp126,2072,5.65149340643902,5.638058278575116,4.279943262328865,7.028679856501223,0.24946594435280528,0.2561638133747004,-0.23664248000956078,0.9224808579120988,34.21047075711144,33.959973695652195,33.06414284084156,35.58926112962808
ssp126,2073,6.241423740860639,6.106927046814102,4.74103964504905,8.682299009893505,0.3806923340316134,0.1409352005174021,-0.2139488005747865,1.2242999974270001,34.19740583122303,34.040921949303694,33.45420558763589,35.363789347826106
ssp126,2074,5.803640254468247,5.8428342010108025,4.24963430647607,6.97993610212512,0.3277090280864996,0.42039292829864017,-0.5760284881659752,1.0234184283379213,34.56670436735484,34.356392391304375,33.07486014988114,36.35672282608698
ssp126,2075,5.379026986926285,5.409294842187847,3.7610853892655194,6.977833290867187,0.12044499524818825,-0.05662088101603567,-0.6431083374363585,0.9039436656319763,34.4069999568306,34.37688399605131,33.007425590183445,35.956640326086976
ssp126,2076,5.710885616595174,5.903678918196469,4.087113375175826,6.69387097344075,0.2766913111027416,0.3176312044962845,-0.4260263540044049,0.7746023532681714,34.27618878359084,34.33809836956524,33.05431850267495,35.193685869565236
ssp126,2077,5.511892723407318,5.056749113191513,3.9139912046656993,7.469014967028456,0.10469113661019878,-0.012712269184980411,-0.6793941593638062,1.1976387902464407,34.92308146226084,35.21804763130522,33.08611018968667,36.17212365191918
ssp126,2078,5.370055020111778,5.186891228255234,4.104188919356294,6.689920023847328,0.16579296683948597,0.2164546124258575,-0.31902340489372955,0.746985034916619,34.5069951679162,34.363600326086974,33.46358974290933,35.9846839130435
ssp126,2079,5.86082430312942,5.709060214188707,4.3533023930567625,7.950768091901092,0.3340810660224851,0.3623220326768427,-0.353641857338494,1.3153943742220813,34.3233201026705,34.160619188391664,32.93992326086959,35.89312531844432
ssp126,2080,5.948406427322478,5.854926747940435,4.522127908429142,6.984914973519399,0.3162917691229898,0.32993381742255784,-0.2821535855485073,0.905818092198612,34.63587448552546,34.30258434782611,33.48042051895807,36.484082934782634
ssp126,2081,5.956778399809286,5.755062723132885,4.9132808172494675,7.493711762961163,0.3444210744500136,0.38943012838231733,-0.19954686497833315,0.8491153533803013,34.32568406973578,34.43813673913046,33.26254192849866,35.9137461956522
ssp126,2082,5.762431003868311,5.859909942603652,4.802624135257887,6.961229442389583,0.24202718130270542,0.3332045741462859,-0.5022311529369718,0.8187512428702256,34.24745966016184,33.86809924581779,32.609875090225906,36.407727813720726
ssp126,2083,5.87528467499279,5.635890791577122,4.547032414214668,7.587743090924168,0.21723005610392024,0.20263300293657838,-0.33060540133005023,0.8504699911208046,34.61852123794211,34.76795780347744,33.226660108695675,35.91887701283333
ssp126,2084,5.439293984153703,5.592757747491234,3.8680636898217853,7.058538800330245,0.09520862802537272,0.0800942988670552,-0.4762993587074163,0.6996901573607969,34.53271150170243,34.41046162480895,33.30611956521741,36.04291630434785
ssp126,2085,5.737712683245326,5.850839149666994,4.265542298588244,7.374456804213385,0.23496794268533702,0.25753422853394586,-0.3993046584498942,0.8396183412210126,34.54635916027759,34.72014793478263,33.40990998641307,35.37562434782611
ssp126,2086,6.116636528038742,5.944797129462261,4.840230639511065,6.887289088938549,0.5306311620251056,0.5580828754010363,-0.12908165245754916,0.9888330419388239,34.246349213991046,34.13765586956524,33.32168764860736,35.298223611582905
ssp126,2087,5.915994272464548,6.196243068186169,4.185112091798857,7.300886595225253,0.2673634071988112,0.3316672148082672,-0.42331181185526,0.7740931673044081,34.563079178987444,34.37601822562842,33.58114809782611,35.438380869565236
ssp126,2088,6.087808519328193,6.1816534464823825,4.872250711379838,7.572153476959878,0.32654627124030117,0.28244919695014253,-0.31947205297020553,1.0033237403805266,34.06391401527929,34.06089736275053,32.522383847443976,35.436881630434804
ssp126,2089,5.947405256769231,6.164927151043305,4.571989542259835,7.092679718336218,0.42665291637515207,0.4678219025112587,-0.2835487226316462,1.0182111035873058,34.497474249014864,34.19794836956524,33.51134013300359,35.48630543584411
ssp126,2090,5.702106783616836,5.631362655708713,4.523025096154205,6.765174010394992,0.27901696841484525,0.3421054265057034,-0.23216966957064877,0.7693023581434382,34.44297954163484,34.51759955364727,33.11378282608698,35.79128500000002
ssp126,2091,5.981228735615235,5.969350464329535,4.588552175990287,7.148265040538859,0.36211463419619483,0.5099618191371053,-0.4505436877472247,0.9727813755835674,34.11599126994828,34.04356641304351,33.29576727825665,34.92179691480556
ssp126,2092,5.476335358443353,5.280722394713134,4.877402002715454,6.30612355187207,0.1802112362221113,0.21893104682117426,-0.4688011816938821,0.746863880089243,34.467938702278865,34.33717489130437,33.233808965268366,35.24596358589506
ssp126,2093,5.521515434426729,5.456316087362423,3.494129845119171,7.966421172632759,0.0743780502203158,0.04846574863083297,-1.2031163270223222,1.24831300305766,34.54169745358044,34.19576051131541,33.25781250000002,36.25312427023185
ssp126,2094,5.954065802203747,5.554846007051188,4.419265232157768,8.14894724321919,0.22179418429903786,0.2178065935792159,-0.5152478837994657,0.8655614934291831,34.432259954338654,34.35470565217394,33.136481110946015,36.170094896399476
ssp126,2095,5.770360512363348,5.963370162346326,4.289819258885691,6.909231596380547,0.285169414118682,0.4598469926047296,-0.395075828255621,0.7921766024043608,34.042913049505984,33.770848260869585,32.673156847826114,35.857589347826114
ssp126,2096,5.4132097025553785,5.283771863681318,4.379117298087093,6.636759630090499,0.1484266514363484,0.19603175088020117,-0.6029380214236414,0.7748607303931975,34.3747983849188,34.12491934782611,33.15123602825665,35.60642782608698
ssp126,2097,5.706057163989171,5.627960893968252,4.300475914385621,6.772338157813143,0.245375445697103,0.3531094818313876,-0.4050730957964858,0.9291984594104835,34.1381033237598,34.04570750000002,32.702695962657124,35.5983514130435
ssp126,2098,6.1435540381968226,6.102745339525429,4.903584047908905,7.1538483899435485,0.430671973017879,0.3954797759284985,-0.21570249358237145,0.9891996938492099,33.97856275589023,34.024844021739156,33.15203943667207,35.14618956521741
ssp126,2099,5.227602322342655,5.159117354067638,4.016839242979784,6.943307911268588,0.060064459675040885,0.05364999914594738,-0.7069876271078752,0.7606699535472305,34.62891019363689,34.68289934782611,33.20694785740067,36.02647237363071
ssp126,2100,6.164125991084192,5.900672714669074,4.881801939761739,7.476603140533142,0.4131386980583429,0.2996222915019632,-0.1532497445122719,0.9706219666198134,34.109992095558084,34.038550534455695,33.04567672066069,35.58284945280658
ssp245,2021,5.496694504888431,5.441376509325391,4.1581191886638385,7.055272528300976,0.133347519936003,0.16513870465343206,-0.5335979963164952,0.708514447853684,33.72664624194035,33.64240282608698,32.918767050038234,34.55280771739133
ssp245,2022,5.84746940948958,5.825245874630086,4.774140303660982,7.05591577626203,0.4089549365473392,0.35541557288911396,-0.15826466807073677,0.943508284818647,33.58100500204717,33.64458565217394,32.84516152173915,34.23460097826089
ssp245,2023,5.558932304813782,5.295792477568696,4.417629631907183,7.236578691212582,0.2178287804627999,0.18991874878950793,-0.6570591399354002,1.187299069428841,34.08784416908787,33.93894447658375,33.18723317021911,35.273041633937694
ssp245,2024,5.496017095757659,5.217895398112024,4.68967942826908,6.954097963349575,0.0648887793929034,0.010863746791060683,-0.5356666347283382,0.7117577262639855,34.15315691040294,34.08858443550444,33.375642934782626,34.798592282608716
ssp245,2025,5.854697639803277,5.8141633321244335,4.1417153430573075,7.059016729898638,0.3401890164699863,0.30302385544895705,0.052768105530295525,0.6399147313378344,33.984994331812906,33.921790978260894,33.207187608695676,34.8779686956522
ssp245,2026,5.6409703234721755,5.384425013440337,4.410723048032037,6.950532320761001,0.21400705115836569,0.31800348545859636,-0.47359314635644423,0.9794801792214384,33.85007177310291,33.68390642249068,32.88275782608698,34.58531728260871
ssp245,2027,5.863860768789871,5.582438085278655,4.533455018408339,7.430381793751418,0.3012991013472227,0.34381809345860687,-0.32524038323282556,0.990985210107554,33.819244909187795,33.92319445652176,33.01797737453297,34.50649778946588
ssp245,2028,5.593419376783306,5.547103770034097,3.9993936255976754,6.78503747762738,0.22150572283546152,0.2094734424792812,-0.25423757520894447,1.0164088266170546,34.108002645728725,34.195310434782634,32.858205869565246,35.40498322196631
ssp245,2029,5.481716551826469,5.394272901006027,4.026325072124264,6.849338111914104,0.18935110034034955,0.18013117620371952,-0.7133930074322087,0.9953940402070177,34.1233267413444,34.18338198454486,33.154330217391326,34.91121934782611
ssp245,2030,6.010884008245643,5.977884967442424,5.210254481291968,7.048605682556805,0.4094408259770532,0.3157585308420947,-0.04556894166429656,0.8191420349550059,33.78185092759792,33.86012652853263,32.93893000000002,34.66542478260872
ssp245,2031,5.597228799356409,5.565513240841225,4.580638605659046,6.5373014223122095,0.2610509725260703,0.3502750043035572,-0.2938732350134568,0.8307679841438035,34.078905261392244,33.87793956521741,33.10246429443362,35.110171309761405
ssp245,2032,5.876028571824298,5.731956112590803,4.575356777592387,7.204270077023288,0.34907315476254447,0.41249937339209064,-0.3212593725512432,0.9337467980537919,33.89040848019177,34.05733310865322,33.2442536956522,34.219461722995945
ssp245,2033,5.620592837476295,5.404318155432225,4.611664504870748,6.943265698454541,0.3033930196879415,0.31931602805519793,-0.23380262595037302,0.9505415237097199,34.22240976878924,34.154551195652196,33.43278821862265,35.020042608695675
ssp245,2034,5.624399289883031,5.695473295107433,4.365926794062006,7.246423552873627,0.09390899192384099,0.1164663837986038,-0.5983553222640423,0.9300503655895023,34.182524357495694,33.97354032608698,33.306616277280085,35.24825543478263
ssp245,2035,5.513656556385961,5.292654609456768,4.160615333200388,7.300678179076591,0.12156638711376842,0.0701452597447913,-0.7489277358681121,0.9414357066000721,34.19766040388848,34.105948043478286,33.53029847826089,34.98892815217393
ssp245,2036,5.101170233273794,4.957373702419812,3.7935151766252657,6.715894867347131,-0.036226121560722066,-0.03716073567537072,-0.7474056384629141,0.548918587004324,34.699755833290396,34.63876097826089,33.428758903171726,36.074037502122984
ssp245,2037,5.3310216901780905,5.376027168559869,4.058397503793142,6.8944546363811785,0.07206700774022913,0.15915841762254518,-0.774596532260903,0.8400221657958101,34.2044196948849,34.41896939484972,32.88403130434785,35.03353826086959
ssp245,2038,5.818931340187646,5.55654742044625,4.671992019979872,7.192195911965562,0.2985122261859502,0.24534618300104882,-0.37978676635691816,0.9844446577018298,34.48024010009516,34.50371793478263,33.49236815217394,35.196772826086985
ssp245,2039,5.768072596710071,5.925824684948679,4.575562976899723,6.726359685395834,0.24511503159952178,0.25536211642968365,-0.30751021404050277,0.8210986789579484,34.2341117118959,34.21261804347828,33.41365170686144,35.6313478552777
ssp245,2040,5.831490290001253,5.487852292717632,4.799128456014648,7.636689630406234,0.28452114686500196,0.27428544056076365,-0.24186304966757655,0.8915783270083537,34.24704390750358,34.1296388709027,33.29317162555199,34.98134173913046
ssp245,2041,5.628595653234736,5.790331148744459,3.871329251604382,6.844143186715469,0.19512572745547205,0.3401470960086761,-0.5598651344758119,0.8716797924530851,34.4288197056564,34.49857748280403,33.06308836956524,35.31329896346385
ssp245,2042,5.330321405344794,5.60297944170364,3.742650202678372,6.736443022895615,0.03369492902377409,0.20225784277875924,-0.7095988162864671,0.521966673009767,34.481878682947276,34.33104957912281,33.613670543478285,35.868835482390054
ssp245,2043,5.408883829277961,5.521635033386711,3.453561744270574,6.981965706774992,0.11194043027649977,0.2643531533946663,-0.8972646880945768,1.004775297706949,34.61312122976617,34.52057402173915,33.31692858695654,35.689393947435484
ssp245,2044,5.60325947523746,5.7941980606054955,3.5265780855698536,7.067150582006011,0.2673172064346535,0.40241992247682035,-0.6684799838561689,0.9652252848268249,34.29538978081178,34.2499039130435,33.30742333453637,35.450563152173935
ssp245,2045,5.527381675458593,5.543426781760172,3.880294015501565,7.053699103330603,0.051639648250975195,0.044934392005142904,-0.6928768595184347,0.9507905395610058,34.56139876837881,34.17196260869568,33.611785652173936,35.80149543478263
ssp245,2046,5.543364634733593,5.859203565436716,3.7617655413829145,6.885376982686018,0.1848981625435643,0.16907429787327038,-0.6900594844505615,0.8758639882731099,34.53918098369719,34.29058445652176,33.544376074749515,35.75982750000002
ssp245,2047,6.127440106939256,5.874349031931334,4.623628421515876,7.642662746253556,0.48067201298874684,0.4398134234110478,-0.15309778932340234,1.2328623635164728,34.353413930181375,34.29223188317343,33.4135624761167,35.520301520306155
ssp245,2048,5.546904449512348,5.690736511238253,4.311156554273583,7.147442140766608,0.1676656012473646,0.23630060780445666,-0.37826659991797057,0.9734495620868886,34.72249406305098,34.4709587428881,33.69415966531507,35.659251868206546
ssp245,2049,5.932118498466051,6.158474778930643,4.810587678012405,7.012523800770574,0.3048501404747755,0.35491548262387385,-0.484177578774825,0.9454586601693591,34.669349025022164,34.55046499501106,33.5485366304348,35.56322134266731
ssp245,2050,5.615153390080419,5.781689417803305,4.051197226558657,7.185386120550574,0.1782428148579122,0.19806304068424013,-0.8811276559866285,0.8607750539034584,34.67703881161393,34.78331179411517,33.8532653808594,35.62403021739133
ssp245,2051,5.544746523095775,5.176888757009928,4.212922355361254,7.268413644474699,0.07881206159293358,-0.018280487560228806,-0.608809433487931,0.8502528357141755,34.62039880082474,34.61572351870332,33.50840945652176,35.60707402173915
ssp245,2052,5.648920819173717,5.446587882916031,3.9426373872645395,7.312048474725143,0.27596751448536255,0.1883367724658091,-0.4413626197781472,0.9729819326977025,34.352792232762084,34.150271407417655,33.30581419571588,36.0164793595024
ssp245,2053,5.77592308696223,5.720767779122609,4.40775596157719,7.22775460739382,0.24920904186363427,0.17963619213687523,-0.49567529486091405,0.9204783123224567,34.41671786972901,34.33863304347828,33.60781032608698,35.11551553477414
ssp245,2054,5.653753266922099,5.754839338408333,4.105800863387285,7.2735137091278625,0.18887053668670423,0.37667263107010474,-0.8704455080411097,0.8715895858986314,34.88472345094545,34.685896739130456,33.87734375000002,36.29079954727838
ssp245,2055,5.606529244863597,5.593317119811822,4.282184903786671,6.93829737468,0.0942484318087057,0.14210076381615722,-0.6631757316244,0.7146665775316978,34.73138932717019,34.603517391304365,33.48284169072692,35.78862043478263
ssp245,2056,5.225567472608784,5.183353524313716,4.004734719280996,6.510773808830504,0.06815517039660166,0.08465118180836403,-0.8162510365242915,0.733033949371948,34.84024730929992,34.60765526813012,34.056549565217416,35.99606163043481
ssp245,2057,5.596289156642139,5.5187702502993385,4.142394666458901,7.336233016351357,0.2560629965493723,0.13077740407569857,-0.3690734351172146,1.061254491184488,34.81174499755357,34.781778617527195,33.60718622622285,35.52905492367954
ssp245,2058,5.1722697857325075,5.05883649703007,4.278974270631343,6.471308612029514,-0.009047466057370241,-0.01626258837846006,-0.5640545559491641,0.6042892838209839,34.65700237187421,34.73212847826089,33.408326389478624,35.47991233493973
ssp245,2059,6.025527734218334,6.172120521355202,4.774883258525658,7.408702213180052,0.34153413908255065,0.28811639935060473,-0.2380883633641489,1.0225244378583094,34.631469677749564,34.57973135243294,33.430862608695676,35.63399532608698
ssp245,2060,5.858158678287089,6.225209121857111,4.693073788082539,6.741274487096035,0.31371870677517494,0.39520956918734507,-0.5032837943124531,0.8573427049753495,34.62472209034671,34.548456521739155,33.78604145879333,35.401813043478285
ssp245,2061,5.554745278395315,5.449535621345825,4.062242906941961,7.123853584427479,0.0873992742650807,0.04513772008646627,-0.8305476832675266,1.0199276356705593,34.92698094817295,35.233984891304374,33.51146152173915,35.872840748662554
ssp245,2062,5.552436906442461,5.224292655277116,3.7516608841861925,7.393244865955405,0.17238828487893482,-0.05107862459084401,-0.49348116224595195,1.0328996055705177,34.78332801484863,34.7692034782609,33.78720086956524,35.98356521739133
ssp245,2063,5.943543698748081,6.1037201774463945,4.064444744779763,7.242584233201837,0.2812712372478137,0.4745194092006297,-0.6336811492089223,0.928701593534869,34.665594849504764,34.62348945652177,33.79091896388844,35.545847386899226
ssp245,2064,5.373609167407389,5.346347836277918,3.5579888409906917,6.95308247365774,0.08910300247170179,0.1351903415613952,-0.836366606652134,0.6926110861467906,34.85805002971138,34.7450436956522,33.96370847826089,35.747434782608714
ssp245,2065,5.348832234805857,5.408668533257217,3.877251771730901,6.554392790614983,-0.05117978391448523,0.08310933164155804,-0.8065906460935054,0.8106053811075951,35.06710459333908,35.05957780920943,34.09291358695655,36.15624250000002
ssp245,2066,5.095306426099804,5.140073807830051,3.7174473858916177,6.473088316263954,-0.022511143481754294,0.044392323532434504,-0.7911678264673981,0.6117191069917807,35.03566456616264,34.931969347826104,33.9384314130435,36.02016326086959
ssp245,2067,5.735133573313259,5.551719837462981,4.617056967479374,6.921218704285442,0.2526537889901966,0.21721615012570192,-0.23352476263134417,0.7744934570001779,34.75745477889354,34.86149304347828,33.70842760869567,35.85682260869567
ssp245,2068,5.710189689577548,5.526964535567781,3.6151231492812066,7.0876624299956905,0.20087687362484707,0.2348680289829007,-0.9072816296913898,1.06341286776757,34.89649224124635,35.09965282608698,33.9206481933594,35.66167652173915
ssp245,2069,5.363265251574709,5.417624632280557,4.136172585054505,7.326308152066772,0.125082435182899,0.15178180020121107,-0.7814261170947243,0.9620309980247912,35.0818045574686,35.16561212954316,34.03988695652176,36.33617902173915
ssp245,2070,5.390642295877914,5.228010059924035,4.463071043176081,6.668369471531784,0.07286492997506225,0.06904634769465727,-0.4733518803878349,0.6730490566576837,34.93280947759974,34.75056771739133,33.59205182946249,36.21087586956524
ssp245,2071,5.6726831917055796,5.397778234377391,4.2014137000394935,7.411685200365883,0.21691980667947758,0.22346281847824298,-0.565659220757429,0.8977902889802982,34.886127968990124,34.707931385869585,34.03793354863708,35.74315717391306
ssp245,2072,5.468143749848354,5.630877481244882,3.920989139677458,6.508054457474853,0.1576723262978222,0.27699293773077993,-0.498494908517208,0.6744044621717068,35.06599318526687,35.103840434782626,33.69597304347828,36.09781217391306
ssp245,2073,5.383012868174604,5.651693337219163,4.250828774733401,6.266077693812639,0.14487571470265156,0.2054413295041514,-0.4596644083236097,0.6220933993303402,35.16958558743875,34.927165354853116,34.11116777502974,36.050799029806406
ssp245,2074,5.05873344422214,5.316532802060383,3.4749567871325624,6.735217065454019,-0.018936179375537956,0.20740426888323174,-0.9240407542256597,0.7588564908897554,35.23452823943777,35.3090875376826,33.838576142684296,36.293721273671046
ssp245,2075,5.508143127363111,5.437052000393479,4.658722393089995,6.8108363387488735,0.11475951851829488,0.245615148606043,-0.68445601960621,0.6831435298062777,34.97108550645029,34.77887293478263,33.70938836956524,36.122566919741445
ssp245,2076,5.685902111956171,5.826848929131617,4.378500402147895,7.266795391852905,0.2204873544033217,0.4176189600355332,-0.38906870864318993,1.0097329256279013,35.2641204020966,35.168458888841734,34.02801695652176,36.64943586956524
ssp245,2077,5.341775283801746,5.2886983839609005,3.3603244185929,6.9315862460697595,0.07798674858251807,0.02762349609181294,-0.9106287524546751,0.8731255727116616,35.31466276374266,35.115550696331546,34.28010877526327,36.825330000000015
ssp245,2078,5.145947425773503,5.023227725330065,4.194462017751148,6.288055100465145,0.007796937278772439,0.09122024223100066,-0.509900930926253,0.4780157109763436,35.15304281287912,35.4419886956522,33.92821739130437,36.004161304347846
ssp245,2079,5.536031748984239,4.987236522137478,4.05229230686138,7.665259335610838,0.15078130969124445,0.11292160065978255,-0.6131635004998579,0.9565396718731133,35.221687298376764,35.370793586956545,34.25414296025817,35.9772366304348
ssp245,2080,5.7675797046710295,5.64670302535757,4.4553093455744825,7.497365345904995,0.34207686491668804,0.24760788670330175,-0.30836002369564797,1.126299992975652,35.12738439911586,35.181600978260896,34.00826946756116,36.13559311576514
ssp245,2081,5.475117677825389,5.695159327961086,3.761819127330385,6.948652259766027,0.1726039658819628,0.20847880885553033,-0.5581533299048277,0.7283801363721916,35.15471411887225,34.85558782608698,34.27512478260872,36.49812434782611
ssp245,2082,5.2975046344719985,5.150113438829479,4.239376569498573,6.385038854848592,0.07837166189881664,0.15933593527499929,-0.6044104498240812,0.6768329643147271,35.06454542470361,35.15723936661432,33.74673304347829,36.88286278766137
ssp245,2083,5.45574967508857,5.530298136211785,4.048408464734924,6.673557625456074,0.13974213391135953,0.25322748107598536,-0.7103081098498982,0.7486659255268252,34.81192224549985,34.889285217391325,33.92184434973677,35.89025836956524
ssp245,2084,5.531436863780594,5.761766556359939,3.757838949051206,6.839369769841313,0.16242922790619924,0.27022639697486583,-0.7067416586766146,0.6378098273603025,35.34922642550831,35.34772776728094,34.411985513438374,36.51731402173916
ssp245,2085,5.626064391408939,5.524886223481066,4.0887495438563235,7.404034136242359,0.21482563882095934,0.26233066090516693,-0.8060393380589536,0.9773387988032864,35.47784606573451,35.29909999681558,34.403223043478285,36.47073086956524
ssp245,2086,5.477431960967471,5.433576051491843,4.0453907525695705,6.601429314621142,0.04847054801255793,0.07060171411204465,-0.3550472581053823,0.6721360579220202,35.169369326442315,35.20369375477669,34.329432608695676,36.3609286956522
ssp245,2087,5.522287275359785,5.434608498453937,4.346428715030522,6.847939222366245,0.1433361540103185,0.1168691285546636,-0.595760538898262,0.7718118032311592,35.17713657490671,35.41210675446886,33.84152274753739,36.22758636474612
ssp245,2088,4.982420420405803,4.927462562548605,3.650361041397918,6.7848919983221325,-0.049154606328822396,0.0034084549235319506,-0.8243520021971988,0.5129129697095165,35.42009422100946,35.40138065503994,34.47289329197098,36.30955054347829
ssp245,2089,5.52597493520564,5.532155597908499,4.446297862786885,6.789995590832766,0.21731739030447922,0.21501575917252447,-0.40952921690848265,1.0002192579889135,35.27738149704708,35.53565136453382,33.890491086956544,36.15726524021317
ssp245,2090,5.520299292173688,5.220964328828854,3.8098205214101006,7.762892481616697,0.19052210884098078,0.1975450967160306,-0.8086842636453886,1.0581369020803546,35.413190033939614,35.17627105712893,34.49309227984887,36.754895284901515
ssp245,2091,5.800219850782346,5.8163181309771,3.858716963639858,7.739607010525957,0.3359079616063854,0.4967591664496914,-0.5663099139314378,1.0791875825473192,35.23164347370159,35.279814214291804,34.01841921599017,36.092546413255796
ssp245,2092,5.277420795347383,5.480901683743081,3.622614722687117,6.494499455750151,0.011712931494799617,0.1699807320268762,-0.7328263034322108,0.7879871136606397,35.62189024350376,35.624553713591226,34.32748996900478,36.477980108695675
ssp245,2093,5.375672382436185,5.493631980036625,3.8280214121476916,6.576469745863524,-0.007954330261969367,-0.10890319076532129,-0.8672463220714568,0.6897353873425994,35.470708528736836,35.358652065111265,33.87571205470875,36.943879036281444
ssp245,2094,5.373457185500488,5.71661828067295,3.5491545536577753,6.827799292888425,0.018360433985470933,0.1214864411573893,-0.8158616745625611,0.7440591226959291,35.43581383595977,35.480239403766156,34.46531826086959,36.34270032799765
ssp245,2095,5.477464948223837,5.470324727963243,3.5502651602808166,7.226714292198481,0.08061495025578502,0.12963946984336097,-1.0733797776147862,1.0471778662085938,35.5110287220401,35.3106691443402,34.51285239130437,36.64563505753229
ssp245,2096,5.383974954804558,5.391305795828886,3.546309986295027,6.969842797442728,0.013243717748822348,0.17084137221092968,-0.8129671020511768,0.5915054089943447,35.496158640192334,35.42143152173915,34.26598742941154,36.919111699643366
ssp245,2097,5.30176081572966,5.430560612043713,3.98751372344006,6.608924413165566,0.052285575441365605,0.20180371310663106,-0.579101878068278,0.5555737845848522,35.175680350779054,35.10758239130437,34.09835735818616,35.90932915729027
ssp245,2098,5.727060342162468,5.506798151720192,4.05815657980612,6.956903643570469,0.20676863365539422,0.12450324034228069,-0.5983981480764093,0.9362669329529513,35.37119449876619,35.399264347826104,34.466047734799616,36.5299939130435
ssp245,2099,5.083841766326894,4.863703200077039,3.5664369078608362,6.99362404659457,-0.040891757211059115,-0.18943078225695592,-0.858887909654341,0.8576248156520535,35.53210470629835,35.45556859555454,34.57690760869567,36.55430755615237
ssp245,2100,5.093190991973922,5.121521974662132,3.945006496957342,6.347313354229711,-0.04522552971251113,-0.09642727701794523,-0.621585235476512,0.6014475148907168,35.47265117883278,35.80513783330505,33.91924504819126,36.45592467391307
ssp370,2021,5.512686610462091,5.417657779003826,4.214450033812197,6.891559054388453,0.13111155099150834,0.2297507366940968,-0.2938910754269191,0.7652968166451738,33.50882666750577,33.577499347826105,32.553033369565235,34.310377717391326
ssp370,2022,5.554769104197949,5.43081265194761,4.496196241073355,6.897583970738609,0.15758690044926776,0.11507276114208234,-0.43920557013294953,0.6805686992029716,33.75946162873139,33.77320981233019,32.56554000000003,34.75345432447353
ssp370,2023,5.760221298810838,5.746530408495652,4.6378430622679305,6.7322964169126855,0.2557878576615289,0.34266659031693514,-0.40096243595722375,0.70792884515702,33.63517346081723,34.04934811799425,32.117713132111945,34.47760991635532
ssp370,2024,5.545415789956585,5.42892028572477,4.463214363660898,7.016095155508593,0.06672434503550399,0.025168397139652562,-0.6047995258275585,0.6613676127718694,33.9347195679899,33.869090735394046,32.29337430207628,35.18913065217394
ssp370,2025,5.590075146740542,5.739720233859648,4.283238864829592,6.803434662834059,0.16597018272600508,0.24748575857538735,-0.6727381800797927,0.8443654664561296,33.47627409480443,33.46463132111925,32.53024013353433,34.17474219280743
ssp370,2026,5.893011853086628,6.024731435613117,4.786772600634338,6.847347539733856,0.3497276976386003,0.4090680576854375,-0.15046141314169562,0.8957311384776431,33.654186767054995,33.69149534805963,32.61066224471385,34.89884139351225
ssp370,2027,5.773287574669119,5.635179489154245,4.597948276910714,7.75509519062972,0.2323351141279678,0.2619580101953013,-0.43926974451168277,1.0283032606744882,34.04436050426414,33.62879271739133,32.751337934782626,35.792300216011405
ssp370,2028,6.035069548779648,6.375261663538304,4.465342524727037,7.0345856958963715,0.3915715832806901,0.6073440736016678,-0.5925076656973018,0.9397796771098722,34.14350930952686,34.427733152173936,32.85285704239557,35.377470132579
ssp370,2029,5.674058339783637,5.733716069638934,4.450571555067235,7.135070682288279,0.2014418720620383,0.17067271900177167,-0.4597620377059181,1.0539342668832816,34.12766742829193,33.9498810477879,32.76407630434785,35.2649445243504
ssp370,2030,5.741249968697758,5.665502974642432,4.008499269708953,7.66578282616174,0.15454215307575841,0.11965394609023652,-0.9275803370328602,1.062370178977577,34.10136831168167,34.25596380434785,32.96661927596385,35.11707945652176
ssp370,2031,5.207578312555375,5.4159490290112355,3.96340385130741,6.320479568743096,0.027606850302908378,0.22255261194779966,-0.829338304189058,0.6484913538851134,34.2155804908718,34.298806762695335,32.914363152173934,35.76375076086959
ssp370,2032,5.730371151024785,5.49048505522226,4.784269466657824,7.052622865403535,0.3204875031564014,0.3104858963070698,-0.20881518492998027,0.8719505155519084,33.984497542962195,33.80780380434785,32.88842262599781,35.47607445652176
ssp370,2033,5.954122879859628,5.871558208745537,4.413900290843526,7.696317943899609,0.3406629935741346,0.4645376149974634,-0.49144984934698155,1.1299470509341105,33.838908047812666,33.91636652173916,32.85143764329995,34.848149374256984
ssp370,2034,5.68434691140368,5.6119756857632375,4.466098810404832,7.001743045367584,0.16919480512379323,0.10441769435558443,-0.25784220230359234,0.7374594172627111,33.96257459509053,34.10374989130437,32.83383739130437,34.811705415145234
ssp370,2035,5.139611817828698,5.008829536484296,3.5873461622887457,6.598526161615394,-0.006806447221027258,0.03440865971339584,-0.7701912967792287,0.7884270724981453,34.63656703524069,34.692879456521766,33.489924782608725,35.65642849466077
ssp370,2036,5.463137575602816,5.288961470466521,4.315488048084162,6.3982782544379475,0.09127335483506092,0.1508726270958266,-0.6958090686364562,0.687712418702807,34.63394968252117,34.46391249946928,33.33958597826089,36.34870402173915
ssp370,2037,5.742016357456819,6.035311663942426,3.9186695756361645,6.863570417544844,0.2941654082240067,0.38234087912820225,-1.0969563085387768,0.9479179471666583,34.34037290976454,34.12174695652176,32.936314989172914,35.75889130434785
ssp370,2038,5.491599449030373,5.496996186588298,4.125357785545127,6.745937826194266,0.1482964695718256,0.12831310212899674,-0.6451654362952958,0.8878988850808246,34.0788577878863,33.90308963941494,33.02018652173915,35.513694673913065
ssp370,2039,5.663522075165149,5.628888378560102,4.001683979754949,7.193662631107483,0.1366199885812699,0.22378659536781503,-0.6074395872576404,0.9247438590198268,34.36730053272952,34.018020828910515,33.33379195652176,36.21332456521741
ssp370,2040,5.86591644115639,5.825395002566532,3.8911491559115228,7.467891873691316,0.2653444820501407,0.31718589823985444,-0.40307200028988516,1.0680243477657803,34.47717067052744,34.47029782608698,33.28342490818192,35.92277546758239
ssp370,2041,5.979559706613673,5.877186589146441,4.676384786699768,7.460237838117794,0.3918189861011806,0.29876610510638524,-0.10816366945237273,0.8704589228813986,33.98230825246619,33.930129021739155,32.81829754373304,34.937927717391325
ssp370,2042,5.299358357199525,5.124762095132182,3.5477500862104026,6.685066938719082,0.03601477294728585,0.14236569792099138,-0.8504041299456018,0.7410169542884064,34.69510700152098,34.42334228260872,33.304286326532804,36.4084716304348
ssp370,2043,5.7035252940343435,5.635526265583007,4.694002196626085,7.175588543550471,0.33513535439533493,0.2961217603967953,-0.4264882853830796,0.9640505602855353,34.33373013150236,34.291483207370945,33.10692195652177,35.56997435196588
ssp370,2044,5.659710138886748,5.991498443777966,3.5475926213810673,7.429834227624751,0.26008411592163555,0.3050607688002708,-0.7653960777985499,1.120710544888171,34.28019266054901,34.212707934782635,32.76905815217394,35.736128301205866
ssp370,2045,5.691627640371509,5.590497279738991,4.436977666387971,7.194598963851865,0.3176988782048149,0.21784993262982283,-0.28513586652984774,0.9494037286709828,34.20402576376591,33.97916978260872,33.20511448072353,35.22304521643599
ssp370,2046,5.435654684887195,5.68585382816725,4.200940781092564,6.598018188706884,0.06872050996902314,0.07463418811659325,-0.5993753022477358,0.7338982607835348,34.82570651027263,34.67775646707288,33.636482769510046,35.61434193486755
ssp370,2047,5.627140127997387,5.4097831969473145,4.2735019067199795,7.1217412335238235,0.16397530965994567,0.20162721212483714,-0.6300542721421589,0.9416297905314889,34.46868866322901,34.13513502038046,33.18307260869568,36.06808358695655
ssp370,2048,5.492317105785121,5.5278001986980865,4.3712332347325225,6.7967824968713995,0.045552753993181545,0.09160002325796432,-0.5340406940202109,0.6341021274029072,34.96660227723307,34.59737465899926,33.811300760869585,36.414614782608716
ssp370,2049,5.936442450107424,5.993967744310375,3.7786899605899644,7.93606233183012,0.3331252305013062,0.39978057855718147,-0.4287905945936149,0.9683906815279636,34.4787660176292,34.187522826086976,33.100997128693976,35.81004386570145
ssp370,2050,5.796606179572632,5.617084451272588,4.868672262398592,7.266368949531966,0.31524573525737365,0.23992984069682802,-0.3265878544231851,1.1795248829960514,34.4812097899759,34.64856771739132,33.21078511113708,35.679807500000024
ssp370,2051,5.264502137224815,5.36254714205702,3.878475632486714,6.622014150999485,-0.08572542052424142,0.1820338962871192,-0.9955004279260351,0.5202838392495273,34.95690718432822,34.78017271739133,33.57262250000002,36.88496684198797
ssp370,2052,5.468732756448225,5.475570716517026,3.9912811344362624,6.996203178104723,0.07504197990567041,0.11105672606949805,-0.7646017711926966,0.8595188604089852,34.71599370302949,34.668770035453484,33.216242781929374,35.9272189130435
ssp370,2053,5.863076598461922,5.874138768252948,3.9615841668789638,7.790912705588818,0.23733590676975008,0.5302187443968583,-0.6043781353883104,1.123231884359293,34.94279081674898,34.69732221520468,33.32868934782611,37.073038383152195
ssp370,2054,5.381341915175459,5.657430493592491,3.9650651927599143,6.398208919864018,0.043873536034922875,0.19811975185340425,-0.717121568001603,0.6089769174783486,35.024783049293674,34.89187543478263,33.45911543478263,36.95280542788301
ssp370,2055,5.390815972979516,5.657239377704959,3.6877865063793225,6.643405378263169,0.02906936113815463,0.22733761985374942,-0.9096400379832061,0.7830004952182277,35.10377674166032,35.56582561990491,33.508376739130455,36.54158703347913
ssp370,2056,5.7624921991574505,5.77231200033495,4.096492982834792,7.249157284793636,0.23985708028456615,0.23275072057138968,-0.36110772964256377,1.0179227113782447,35.05247085211399,34.67407379150393,33.8878461091415,37.118209891304375
ssp370,2057,5.868702631846068,5.773481758771982,4.67353316019786,7.296349141013686,0.3746335791873721,0.36967935794317336,-0.32738947506985944,1.128130764411617,34.7348285522815,34.72253172501276,33.20115347826089,35.823720108695674
ssp370,2058,5.455113091135131,5.425638649365753,3.985055932812148,6.901619710292453,0.15003287913132712,0.17155806803039192,-0.6436424682515391,0.7198329466161077,34.75057327592746,34.633220108695674,33.83054935621181,35.83249010869567
ssp370,2059,5.074652865839894,5.201370423830884,3.3987417249897836,6.059011769537781,-0.04974663793436877,0.027694275203881583,-0.9869386435784361,0.6305578925907795,35.234548237244056,34.98671521739133,34.22661967391307,36.883013695652195
ssp370,2060,5.5245052089647215,5.580133303547157,4.332217800965301,6.866840269698323,0.10785282846881881,0.04264306858922443,-0.5357369447667537,0.7316414430967985,35.09298888171717,35.12170032003654,33.30152652173915,36.16262140688691
ssp370,2061,5.62905768587879,5.657132297841452,3.848954879776508,7.917376400577393,0.1425522880522846,0.14591734980054166,-0.7421241163189952,1.199322892205529,34.9148984392995,34.947093665081546,33.07114086956524,36.64818728260872
ssp370,2062,5.334743939263982,5.169399321509413,3.7812242877906765,6.898734480772279,0.12390341301032551,0.16234367942611386,-0.6307060421038297,0.8334855467673857,34.765243232886924,34.64993770433511,33.32217684782611,36.1549070938774
ssp370,2063,5.855060546935629,6.098591402678547,4.4525362872864385,7.297962474258756,0.26163414682129144,0.11743190424911953,-0.33801086726850776,0.9890057499033383,35.10436397630525,35.10542284094771,33.58696103303331,36.61427708501403
ssp370,2064,5.585336523201598,5.598089060912429,3.99648653745906,6.996355742947304,0.20032055898144138,0.24604242184127906,-0.6455620871803498,0.8776597133323183,35.13806840965132,34.750762717391325,33.914115108695675,36.56814554347828
ssp370,2065,5.381879943121374,5.32699205729001,3.8688561994004242,6.729841334737126,0.09139136359281073,0.18058600942085445,-0.9435287888598758,0.8392329389737783,35.28175833412442,35.15739029594092,34.00468239130437,36.64084478260872
ssp370,2066,5.477325746263235,5.482038398170355,4.094025765122242,7.270213663001608,0.06414048800310924,0.017017562007500833,-0.7934802699708611,1.0880294247621372,35.52732806548632,35.10792282608698,34.194766036323905,37.35768644913385
ssp370,2067,5.207412257887011,5.4037455636184255,3.8380195560220196,6.572922662240626,-0.055982206259768345,-0.02239455568439414,-1.0141556373072873,0.7005522938174097,35.186739999158426,35.07470192287281,33.70859217391307,36.73061158553416
ssp370,2068,5.035095795693999,5.246229446193913,2.7535269482435636,6.709658733637622,-0.17623917946331688,-0.01403689381366665,-1.2642182644711408,0.779119277918441,35.895369807700106,35.4363364130435,33.88396407417631,38.41679706521741
ssp370,2069,5.312031437875828,5.713245068411213,3.642122803233788,6.793694953919288,0.05716521084756679,0.26012350591680533,-0.8275146561255831,1.0039341774591155,35.57590373182344,35.20623533829401,34.16391276483953,37.22466961404554
ssp370,2070,5.463475825208261,5.5112176839581215,4.171193008933739,6.8977704957835115,0.20114968992497273,0.19603831242873299,-0.5258096040523053,0.7381819424248145,35.34417448807808,35.2521664130435,34.65998661207119,36.547990543478285
ssp370,2071,4.991732135827181,5.066536343296018,3.5254274058011315,6.404371393846599,-0.15589030510220991,-0.18859298042142397,-0.7612206216324355,0.7354324778619362,35.74958219449822,35.752812173913064,34.18405597826089,37.20362239130437
ssp370,2072,5.277139785102216,4.8459055198129,4.200156204970708,7.331750931907169,0.04969749017938351,0.0036003345973037405,-0.6448045865465415,0.5825623959408003,35.73810819886393,35.61245216701344,34.22331058668056,37.113592263926655
ssp370,2073,5.61198962186254,5.6803513662626095,4.430055620996464,6.827074528415755,0.1554905081696618,0.15710462312732693,-0.3537578033227139,0.7883442568847426,35.60256178857525,35.68331239130437,34.48795039964761,36.84648284912112
ssp370,2074,5.529278362762745,5.334410273914081,4.528300761064461,7.008642806517152,0.20716203270661915,0.2504896243069403,-0.4145421955689321,1.0332434238622323,35.20829489710967,35.09246663043481,34.41695788839591,36.12930804347828
ssp370,2075,5.5336175100422,5.619247712012347,3.720789300679843,6.964197015983984,0.09266212782326151,0.09495680285391075,-0.9017146047590299,0.740423525707128,35.647717632273185,35.92524195652176,34.488504691745945,36.72952467391307
ssp370,2076,5.540088663290837,5.449557943052957,4.585428715453129,7.248111829516801,0.08276607417652662,0.0826880356364394,-0.5318006544410362,1.1025306660890493,35.60509664232845,35.68733934782611,33.788861195652196,36.800753478260894
ssp370,2077,4.925505313868875,4.839555956744191,4.022218354938799,6.7919178171828545,-0.184929827850112,-0.11244014899500258,-0.7777218084464637,0.7440463117977862,36.21486670640398,35.828731086956545,34.21395260869567,37.90121195652176
ssp370,2078,5.66173678964366,5.792632750224735,4.274821184711614,6.987059461488037,0.22179723343374763,0.30151244382315423,-0.39307963343412516,0.8718967620870535,35.87282174529211,35.826877627165445,34.820374729322374,37.009848586956544
ssp370,2079,5.295112192290893,5.255546621507843,4.167151550434233,6.996700797046749,0.024079471484940627,0.022766785141099817,-0.6553019592149036,0.7934375817474449,35.80635926422691,36.037329831330695,34.659346630434804,36.76684523872709
ssp370,2080,4.94596528238851,4.8387847455560475,3.6538982424233937,6.231369238119039,-0.12675337198515618,-0.13083741759053955,-0.9792615420111843,0.7474871993732705,36.2053857975387,35.76667554347828,34.70603763746181,38.037261521739154
ssp370,2081,4.810672154728253,4.682934686899282,3.3820489041822146,6.449554864812155,-0.16474042964149624,-0.13873176118368274,-1.2146271853397965,0.7291806303332403,36.15689766396851,35.66519586956524,34.44704304347828,37.81802163043481
ssp370,2082,4.891828293101288,4.718649218824794,3.2934940284634586,6.502447596462261,-0.10201066383509096,-0.05192935432969291,-1.1205124328784561,0.6519903113142025,35.80195957426781,36.18009952047599,34.09298327902091,37.00604184782611
ssp370,2083,5.5342132815175065,5.681966593646347,3.243717381633568,7.070223135622227,0.05465258406279152,0.28873113518304583,-1.2785123221727324,0.9602531424742652,35.95720973415464,35.89132909360141,34.88501315217393,38.09461364746096
ssp370,2084,4.976410304637019,4.950269957365044,3.8626152556526763,5.95862264325565,-0.1345347282025848,-0.07351152576959447,-0.9629002853356723,0.5302506496419505,36.12266037616866,36.28234485128654,35.022505000000024,37.255234673913066
ssp370,2085,4.86193817298262,4.546447378885722,3.174688726028963,7.005969761177468,-0.25756333705416523,-0.28237997473738435,-1.3193668777023335,0.9072559954731231,36.78398856181714,36.73485551917037,35.006904137652874,38.60900036355726
ssp370,2086,5.267049813482799,5.412336542575043,3.9718331746398885,6.396914812383366,0.013631249882450513,0.05626719787760802,-0.8926587432542774,0.8282029437614282,35.87178438740924,35.92324315217394,35.00264586956524,36.786103695652194
ssp370,2087,5.095197598444967,4.398163898721873,3.026948235078162,8.469748583952107,-0.11954552825976238,-0.30136581684879127,-1.2158912370341977,1.1862933999464735,36.038664875000535,36.25034489130437,33.894263804347844,38.23549555902898
ssp370,2088,4.8266567905631454,4.942728439020447,2.8157377051171775,6.397974503453169,-0.1898000485511042,-0.08676097956348273,-1.0949990672080292,0.6832782603805103,36.77155772062127,36.85117160962978,35.13799007249917,38.329576774265476
ssp370,2089,5.748599795044498,5.6272553129605,4.265400119853731,7.000905588619054,0.32086254091727234,0.3219324355115947,-0.2507690251855192,0.9192811793545662,35.80192693700315,35.65962826086959,34.207432158097,37.68505184782611
ssp370,2090,4.828638986496043,5.0149632140565314,3.2132672575114207,6.295510655453305,-0.13974441020112813,-0.11065984785017186,-0.7609868012391549,0.787311709586701,36.71592507736934,36.37761475936229,35.49693882154384,38.26814195652176
ssp370,2091,4.9050472909619875,4.625454969652367,3.477303594204251,6.6817361113144775,-0.19251778459111432,-0.272737318608542,-1.0335035367215775,0.5996931867404138,36.646945975147204,36.917336372707226,34.494569728685484,38.12114834992784
ssp370,2092,4.726933486199811,4.994000541711657,3.2196040085624333,5.880760530785843,-0.32414150063274594,-0.19578965076917526,-0.9582878731502982,0.4690293155667458,36.8602645712628,36.52374420166018,35.337410172172234,38.814546739130456
ssp370,2093,5.054295320466539,5.248929685321777,3.856928043904884,6.33326369849346,0.020750836019694466,0.0009541673005289755,-0.44164109070454305,0.5594814058074609,36.14911770875542,35.994484810207226,34.79701617697013,37.59312173913045
ssp370,2094,4.877017588269992,4.84485547423497,3.513291439939485,7.051352844011737,-0.2597839489594478,-0.19908158418970995,-1.1844087361416316,0.7024235947477753,36.69460576625787,36.36674652099612,35.29223221488623,38.09440699038301
ssp370,2095,4.693528998459927,4.753951589177387,3.0531405995771483,6.198088102996479,-0.38246114783547275,-0.3808821137487846,-1.3369886847948484,0.752752986051709,36.966862261927524,36.95248554347829,35.215669250488304,38.96569893878441
ssp370,2096,4.696901210882196,4.4848266990307835,3.6235748314595595,6.1036314717031965,-0.23078151882571368,-0.22204181385249122,-0.8707836229709143,0.6892958662128545,36.81263966893674,37.13137737771741,34.766071195652195,38.670181739130456
ssp370,2097,5.0341250237702635,5.107399116454503,3.4731552449499232,6.49390596563197,-0.06162108928592147,0.1369604121013452,-0.9616007375415836,0.8048241582382373,36.72319348779653,36.829462996773124,35.303661739130455,38.18794836956524
ssp370,2098,4.697067245871898,4.707436780804368,3.0404814099301047,6.443636796279811,-0.3390864373272666,-0.4914864703284021,-1.1624758134985635,0.5894061547398037,37.59157355755099,37.16650244671368,35.06059583581015,42.050785652173936
ssp370,2099,4.878609895259592,4.48057785322016,3.3717978393456263,6.532753438806958,-0.15810891443670114,-0.22368765633651166,-1.131438226424003,0.7012576930394264,36.87634114293955,37.110036521739154,35.50900586956524,37.73415054347828
ssp370,2100,4.503036245016768,4.597145856866335,2.874621577567169,5.922459182460991,-0.3412355960207591,-0.10937584361176171,-1.3454062253208738,0.49106087639739854,37.46321060608796,37.382458761464015,35.921207129437015,39.05810036037281
