center,variable,base,ssp,percentile,months,access-cm2,access-esm1-5,bcc-csm2-mr,cesm2,cesm2-waccm,cmcc-cm2-sr5,cmcc-esm2,cnrm-cm6-1,cnrm-esm2-1,ec-earth3,fgoals-g3,gfdl-cm4,gfdl-cm4_gr2,gfdl-esm4,giss-e2-1-g,iitm-esm,inm-cm4-8,inm-cm5-0,ipsl-cm6a-lr,kace-1-0-g,miroc-es2l,miroc6,mpi-esm1-2-hr,mpi-esm1-2-lr,mri-esm2-0,noresm2-lm,noresm2-mm,taiesm1
AFRC,rzsm,"[1950, 2014]",ssp245,0.02,,0.0975658,0.09821679999999999,,0.0977798,0.0978888,0.097664,0.0977794,0.0967794,0.0976898,0.0973168,0.0978228,0.0980602,0.0976576,0.0975844,0.0978426,0.098163,0.0977594,0.097959,,0.0981818,0.0975534,,0.097705,0.0976086,0.09766179999999999,0.0976266,0.09724,0.0977282
AFRC,rzsm,"[1950, 2014]",ssp245,0.05,,0.099654,0.100303,,0.100217,0.100021,0.10015,0.099884,0.09929,0.099496,0.09922,0.09959,0.100462,0.099251,0.099551,0.099697,0.099866,0.09963,0.099552,,0.100922,0.099606,,0.099489,0.099109,0.09974,0.09937,0.099129,0.099681
AFRC,rzsm,"[1950, 2014]",ssp245,0.1,,0.102237,0.102964,,0.102853,0.103104,0.102962,0.103602,0.102026,0.102302,0.102872,0.102167,0.103171,0.101676,0.101996,0.102221,0.102689,0.102112,0.101909,,0.105343,0.102412,,0.101816,0.10148,0.10271,0.101874,0.102186,0.102222
AFRC,rzsm,"[1950, 2014]",ssp245,0.2,,0.108148,0.109117,,0.11026,0.110422,0.108864,0.112173,0.108024,0.108612,0.110361,0.107685,0.110196,0.107889,0.10899,0.107857,0.108758,0.107567,0.107826,,0.11515,0.109376,,0.108688,0.108116,0.110018,0.108226,0.109747,0.107921
AFRC,rzsm,"[1950, 2014]",ssp245,0.3,,0.117482,0.117624,,0.121321,0.122249,0.115135,0.121786,0.116977,0.118136,0.121921,0.116125,0.119909,0.116684,0.117346,0.114835,0.118405,0.117056,0.117055,,0.125012,0.121067,,0.119195,0.117104,0.118841,0.115609,0.119481,0.1162
AFRC,rzsm,"[1950, 2014]",ssp245,0.7,,0.193462,0.194438,,0.192475,0.191009,0.179732,0.181425,0.193567,0.191351,0.190458,0.1892,0.194602,0.189873,0.195037,0.191729,0.195005,0.192375,0.19476,,0.162279,0.18507,,0.191678,0.192413,0.193643,0.190885,0.187568,0.182999
AFRC,rzsm,"[1950, 2014]",ssp245,0.8,,0.228356,0.223643,,0.221801,0.221638,0.21494,0.21588,0.224399,0.225342,0.217869,0.219718,0.223079,0.221687,0.223438,0.22141,0.225801,0.221991,0.219792,,0.180428,0.218609,,0.220668,0.226053,0.222894,0.220987,0.220404,0.213018
AFRC,rzsm,"[1950, 2014]",ssp245,0.9,,0.257174,0.252934,,0.254357,0.254837,0.250103,0.253086,0.254655,0.25653,0.253581,0.252038,0.253324,0.251745,0.250546,0.253342,0.254176,0.256501,0.252371,,0.211424,0.255321,,0.252805,0.256517,0.256108,0.252301,0.254232,0.247821
AFRC,rzsm,"[1950, 2014]",ssp245,0.95,,0.276009,0.273832,,0.274495,0.275432,0.274936,0.276245,0.275954,0.273949,0.275404,0.270871,0.272605,0.271122,0.271461,0.273364,0.273344,0.274725,0.272841,,0.23096,0.278755,,0.271354,0.274532,0.277803,0.271529,0.277189,0.275043
AFRC,rzsm,"[1950, 2014]",ssp245,0.98,,0.29245620000000006,0.2928354000000001,,0.295034,0.2969712,0.2994064000000001,0.29744760000000003,0.2961488,0.29151180000000004,0.29324459999999997,0.29185800000000006,0.292472,0.2910282,0.293833,0.293202,0.29117,0.29379380000000005,0.2932576,,0.2494674,0.2984212,,0.2912878,0.2921386,0.2972648,0.2915208,0.299605,0.29758540000000006
AFRC,rzsm,"[1981, 2020]",ssp245,0.02,,0.097952,0.09864836,,0.097973,0.09777818,0.09776526,0.09742936,0.0977199,0.0971768,0.09668671999999999,0.09704779999999999,0.0977339,0.09749271999999999,0.097282,0.09787736000000001,0.0989,0.09782806,0.0980727,,0.0972439,0.09740708000000001,,0.09747262,0.09777754000000001,0.09818872,0.09724854000000001,0.09681118,0.098217
AFRC,rzsm,"[1981, 2020]",ssp245,0.05,,0.1003809,0.1004263,,0.1003968,0.0993987,0.10020415,0.10005035,0.09967845,0.09902915,0.09867115,0.09866845,0.0997869,0.09911315,0.099052,0.09978035,0.10059735,0.09954915,0.09982845,,0.1003926,0.099494,,0.0991109,0.09906045,0.10037,0.09884235,0.09827045,0.1001539
AFRC,rzsm,"[1981, 2020]",ssp245,0.1,,0.1032855,0.103112,,0.1030629,0.1026447,0.1034367,0.10364680000000001,0.1030837,0.10134570000000001,0.101472,0.10109370000000001,0.1027195,0.10173589999999999,0.101165,0.1021849,0.1035007,0.1019085,0.1023887,,0.1047245,0.1018328,,0.10154679999999999,0.10151270000000001,0.1038429,0.1012759,0.1007536,0.10275079999999999
AFRC,rzsm,"[1981, 2020]",ssp245,0.2,,0.11057979999999999,0.10925,,0.1108262,0.1112692,0.109312,0.11435139999999999,0.110263,0.108433,0.1075178,0.1063944,0.1104728,0.1078958,0.1076238,0.108335,0.108758,0.1080608,0.1086458,,0.11264479999999999,0.1080438,,0.10788199999999999,0.108066,0.1104908,0.1075758,0.107559,0.1083182
AFRC,rzsm,"[1981, 2020]",ssp245,0.3,,0.120294,0.1180041,,0.1210531,0.1241224,0.11479589999999999,0.1241114,0.1189987,0.1183224,0.11777589999999999,0.11528959999999999,0.121253,0.1170603,0.1157422,0.1151401,0.11773,0.1186596,0.1173814,,0.1221451,0.1182715,,0.117613,0.1165047,0.1191447,0.11512470000000001,0.1190504,0.1160916
AFRC,rzsm,"[1981, 2020]",ssp245,0.7,,0.1845013,0.19161359999999994,,0.19266979999999997,0.1809551,0.1746737,0.1772595,0.1828653,0.1903258,0.19815039999999998,0.1973412,0.19200630000000002,0.18869919999999998,0.19714120000000002,0.18610989999999997,0.1938039,0.18910669999999996,0.1915709,,0.16514230000000002,0.18909679999999995,,0.20171259999999996,0.18926619999999997,0.18744039999999998,0.1867973,0.18620489999999998,0.1847249
AFRC,rzsm,"[1981, 2020]",ssp245,0.8,,0.2215454,0.2248574,,0.22024700000000003,0.21054820000000002,0.21463379999999999,0.21685079999999998,0.2076774,0.22253160000000002,0.2274004,0.23086420000000002,0.21923300000000004,0.21938159999999998,0.2264518,0.215163,0.22569140000000001,0.2164506,0.22119860000000002,,0.1885106,0.21876460000000003,,0.2299578,0.22204059999999998,0.2201442,0.21547940000000002,0.21728260000000002,0.2143054
AFRC,rzsm,"[1981, 2020]",ssp245,0.9,,0.2550081,0.25719929999999996,,0.2509269,0.2468646,0.25304220000000005,0.2583362,0.24257510000000004,0.25337780000000004,0.2594287,0.260612,0.25407520000000006,0.2517247,0.25391620000000004,0.2477977,0.25328510000000004,0.2528818,0.2547879,,0.2186312,0.2526712,,0.26048560000000004,0.2528951,0.2518905,0.2497692,0.2507912,0.24563300000000002
AFRC,rzsm,"[1981, 2020]",ssp245,0.95,,0.2757001499999999,0.27859965,,0.27228979999999997,0.26731249999999995,0.2781647,0.27994549999999996,0.2668315,0.27240665000000003,0.27995239999999993,0.28118675,0.27361065,0.2715804,0.27554435,0.26953479999999996,0.27469164999999995,0.2705299499999999,0.27542495,,0.23475135,0.27626205,,0.28023325,0.27200844999999996,0.27465955,0.2709449999999999,0.27438505,0.2708156
AFRC,rzsm,"[1981, 2020]",ssp245,0.98,,0.29361622,0.29557886,,0.29184723999999995,0.29021076,0.30112416,0.30034276,0.28904393999999994,0.29179387999999995,0.29719345999999996,0.30066765999999995,0.29357808,0.29238316,0.29635774,0.29002614,0.29479321999999997,0.28797316,0.29378548,,0.25647302,0.2980989,,0.29822276,0.28920864,0.29409774,0.29189422,0.29534814,0.29536142
AMES,rzsm,"[1950, 2014]",ssp245,0.02,,0.1544178,0.1537132,,0.1561742,0.1525762,0.1430846,0.14401,0.1575878,0.1559014,0.1535662,0.15456240000000002,0.15128460000000002,0.1490046,0.1549556,0.1535036,0.1554784,0.1568802,0.1556006,,0.1526346,0.1417588,,0.15137679999999998,0.1522812,0.1529994,0.149233,0.1433636,0.1537326
AMES,rzsm,"[1950, 2014]",ssp245,0.05,,0.161392,0.161652,,0.161205,0.159519,0.151276,0.155217,0.164334,0.16389,0.161671,0.161036,0.159985,0.158943,0.160606,0.161853,0.162677,0.163247,0.162401,,0.160505,0.152691,,0.159911,0.159541,0.160539,0.15802,0.156256,0.158855
AMES,rzsm,"[1950, 2014]",ssp245,0.1,,0.167373,0.167695,,0.167189,0.167862,0.160546,0.165921,0.170511,0.170448,0.168048,0.166984,0.16714,0.166489,0.167441,0.168323,0.169107,0.169445,0.169784,,0.166995,0.164265,,0.167596,0.16702,0.168266,0.16633,0.165106,0.165323
AMES,rzsm,"[1950, 2014]",ssp245,0.2,,0.178169,0.178389,,0.178796,0.179156,0.172717,0.17795,0.181889,0.182278,0.181059,0.17924,0.178662,0.178011,0.178715,0.179319,0.180834,0.180709,0.180433,,0.179339,0.176543,,0.178061,0.179227,0.179436,0.177473,0.175953,0.17698
AMES,rzsm,"[1950, 2014]",ssp245,0.3,,0.192385,0.192164,,0.192896,0.191954,0.185958,0.19021,0.194985,0.196149,0.194792,0.192406,0.192264,0.191147,0.1937,0.193125,0.194195,0.195065,0.193652,,0.195597,0.189891,,0.191019,0.192296,0.193656,0.191097,0.188456,0.191729
AMES,rzsm,"[1950, 2014]",ssp245,0.7,,0.26756,0.266451,,0.264742,0.267911,0.259643,0.263938,0.271742,0.271521,0.265404,0.267005,0.265264,0.264573,0.265437,0.265961,0.270681,0.270668,0.268838,,0.283623,0.26273,,0.264002,0.266763,0.264693,0.2647,0.260065,0.267723
AMES,rzsm,"[1950, 2014]",ssp245,0.8,,0.285236,0.283188,,0.28321,0.286207,0.27951,0.283977,0.288533,0.286758,0.281751,0.285665,0.28202,0.281532,0.282405,0.283467,0.28785,0.287386,0.285217,,0.297561,0.283328,,0.282547,0.284565,0.284264,0.282229,0.282571,0.283728
AMES,rzsm,"[1950, 2014]",ssp245,0.9,,0.302568,0.301599,,0.304101,0.304107,0.302623,0.304385,0.306385,0.30327,0.301397,0.302671,0.30151,0.301388,0.30082,0.304719,0.305313,0.30389,0.303138,,0.313606,0.306865,,0.302327,0.302805,0.305253,0.303962,0.305023,0.302703
AMES,rzsm,"[1950, 2014]",ssp245,0.95,,0.315856,0.314997,,0.316802,0.317408,0.319233,0.318703,0.317681,0.316021,0.31416,0.316318,0.314768,0.314644,0.314738,0.316854,0.316388,0.315401,0.315631,,0.326666,0.320443,,0.315065,0.314983,0.318576,0.316899,0.318792,0.317214
AMES,rzsm,"[1950, 2014]",ssp245,0.98,,0.3289766,0.3285928,,0.32980180000000003,0.3309456,0.33475340000000003,0.3321346,0.33015820000000007,0.33003180000000004,0.3273672,0.32989240000000003,0.32920760000000004,0.3291908,0.3287872,0.3281702,0.3278232,0.3294964,0.32862460000000004,,0.3399818,0.33201939999999996,,0.326781,0.3274994,0.32924200000000003,0.3288964,0.33319360000000003,0.3311594
AMES,rzsm,"[1981, 2020]",ssp245,0.02,,0.15142496,0.14629258,,0.15155169999999998,0.1467311,0.14487812,0.13583144,0.15484953999999998,0.15222982,0.15412826000000002,0.15763165999999998,0.15200154,0.14993022,0.15311298,0.15050862,0.14965762000000002,0.15690536,0.15252936,,0.15108354,0.13933516,,0.15067632,0.1523019,0.15296208,0.14476767999999998,0.13748608,0.15144808
AMES,rzsm,"[1981, 2020]",ssp245,0.05,,0.1585682,0.15503695,,0.15725145000000001,0.15484595,0.15335954999999998,0.14916615,0.1615526,0.1609689,0.15985364999999999,0.16194785,0.15843415,0.15731245000000002,0.1598969,0.1567728,0.15985950000000002,0.16235514999999998,0.1590994,,0.15793669999999999,0.1500433,,0.15956795000000001,0.15808675,0.1592488,0.15569425,0.15068335000000002,0.156977
AMES,rzsm,"[1981, 2020]",ssp245,0.1,,0.1650465,0.1627851,,0.1632967,0.16372350000000002,0.1618818,0.15878430000000002,0.1674019,0.1680091,0.1655268,0.16645469999999998,0.165524,0.16436250000000002,0.1667089,0.16395479999999998,0.1670009,0.1678252,0.166872,,0.1644091,0.1613659,,0.167617,0.1658709,0.16660060000000002,0.1634182,0.1604302,0.1627183
AMES,rzsm,"[1981, 2020]",ssp245,0.2,,0.1761038,0.173764,,0.17528380000000002,0.1755442,0.173476,0.171994,0.17828159999999998,0.18006480000000002,0.1769098,0.1777992,0.17777,0.1763102,0.1776724,0.1753506,0.1786374,0.1793396,0.1792076,,0.1758688,0.1747126,,0.1785282,0.1777766,0.1781092,0.1748894,0.1724182,0.17322
AMES,rzsm,"[1981, 2020]",ssp245,0.3,,0.1897181,0.1875696,,0.1891511,0.1885256,0.1872972,0.1837704,0.1922198,0.194692,0.192331,0.19139710000000001,0.190931,0.1897749,0.1925163,0.18797930000000002,0.1931081,0.1952372,0.1922392,,0.191965,0.1882671,,0.1928758,0.19147879999999998,0.1924352,0.1881357,0.1828322,0.1871203
AMES,rzsm,"[1981, 2020]",ssp245,0.7,,0.26269739999999997,0.2630847,,0.260372,0.2627378,0.2592459,0.2552078,0.2659244,0.2715939,0.2674549,0.2713661,0.26377919999999994,0.2630323,0.2683853,0.2603932,0.2681935,0.2709123,0.2651493,,0.2802893,0.2613306,,0.2681976,0.2662293,0.2637966,0.2616566,0.25437479999999996,0.2600626
AMES,rzsm,"[1981, 2020]",ssp245,0.8,,0.28169200000000005,0.2810626,,0.27680160000000004,0.2830556,0.2794642,0.27859880000000004,0.2826364,0.28633080000000005,0.2850886,0.2881786,0.2808482,0.2797156,0.28480140000000004,0.2786468,0.2858742,0.28774340000000004,0.28345139999999996,,0.296472,0.2812762,,0.2864792,0.28316919999999995,0.2818918,0.278781,0.2758064,0.2781922
AMES,rzsm,"[1981, 2020]",ssp245,0.9,,0.30088539999999997,0.2995812,,0.2981424,0.3019274,0.3030525,0.3014413,0.3012788,0.30314260000000004,0.30422960000000004,0.3055465,0.2990269,0.29892080000000004,0.3036811,0.3000573,0.3050511,0.3036416,0.30332980000000004,,0.3137523,0.30576559999999997,,0.3049216,0.3025891,0.30383950000000004,0.299175,0.2998127,0.2985453
AMES,rzsm,"[1981, 2020]",ssp245,0.95,,0.3162634,0.31378259999999997,,0.3133543,0.31593115,0.31912355,0.3160821,0.31416355,0.31672695,0.31735384999999994,0.31905979999999995,0.3126799,0.3123772,0.316777,0.31280189999999997,0.31736155,0.3149569,0.3160994,,0.3266803,0.31998795,,0.31808095000000003,0.3151021,0.318132,0.31342865,0.31463745,0.31294665
AMES,rzsm,"[1981, 2020]",ssp245,0.98,,0.3303267,0.32756107999999995,,0.3268065,0.32974677999999996,0.33492553999999997,0.32977686,0.32792901999999996,0.33111514000000003,0.33101615999999995,0.33280548,0.32716281999999997,0.32677492,0.33015310000000003,0.32463712,0.32924464000000003,0.3295176,0.32944864,,0.34100031999999997,0.3318524,,0.33091096,0.32706483999999997,0.32888515999999995,0.32722584,0.32979574,0.32889938
GISS,rzsm,"[1950, 2014]",ssp245,0.02,,0.2396858,0.239983,,0.2398786,0.2403468,0.2396336,0.24012640000000002,0.2394856,0.23962440000000002,0.2393718,0.2402906,0.2398258,0.2398972,0.2401474,0.23992940000000001,0.2394598,0.2400968,0.23990920000000002,,0.239549,0.2401308,,0.2394794,0.2401828,0.239765,0.239463,0.2398746,0.239526
GISS,rzsm,"[1950, 2014]",ssp245,0.05,,0.240662,0.240849,,0.240821,0.24107,0.240572,0.241102,0.240454,0.240587,0.240336,0.241121,0.24068,0.240765,0.24128,0.240843,0.240579,0.240936,0.240924,,0.240295,0.240944,,0.24038,0.240916,0.240611,0.240581,0.240697,0.240426
GISS,rzsm,"[1950, 2014]",ssp245,0.1,,0.241618,0.24153,,0.241687,0.24188,0.241471,0.241856,0.241421,0.241497,0.241314,0.241869,0.24157,0.241659,0.242063,0.241606,0.241482,0.241809,0.24186,,0.241025,0.241822,,0.241272,0.241756,0.241482,0.241586,0.24143,0.241292
GISS,rzsm,"[1950, 2014]",ssp245,0.2,,0.242828,0.242511,,0.242703,0.24277,0.242579,0.242793,0.242545,0.242507,0.242479,0.242818,0.242735,0.24274,0.242978,0.24255,0.242526,0.24293,0.242881,,0.241954,0.242851,,0.242416,0.242812,0.242498,0.242742,0.242504,0.242502
GISS,rzsm,"[1950, 2014]",ssp245,0.3,,0.243554,0.2433,,0.243486,0.243451,0.243492,0.243537,0.24327,0.243351,0.243235,0.243505,0.243484,0.24349,0.243647,0.243218,0.243364,0.2437,0.243642,,0.242603,0.243642,,0.24329,0.243619,0.243315,0.243548,0.243397,0.243383
GISS,rzsm,"[1950, 2014]",ssp245,0.7,,0.245975,0.246156,,0.245982,0.246102,0.246177,0.246121,0.245959,0.246069,0.246207,0.246083,0.245968,0.245917,0.24616,0.245929,0.246133,0.24609,0.245965,,0.245047,0.246171,,0.246353,0.246315,0.246021,0.245846,0.246417,0.246123
GISS,rzsm,"[1950, 2014]",ssp245,0.8,,0.24672,0.246997,,0.246878,0.246947,0.246954,0.246903,0.246833,0.246864,0.247187,0.246975,0.246741,0.246694,0.247007,0.24684,0.246989,0.246808,0.246713,,0.245819,0.246937,,0.247316,0.247083,0.246921,0.246727,0.247352,0.246978
GISS,rzsm,"[1950, 2014]",ssp245,0.9,,0.247792,0.248331,,0.248256,0.24799,0.248022,0.248003,0.248095,0.248074,0.248483,0.248094,0.247944,0.247857,0.248201,0.248243,0.248093,0.247956,0.247972,,0.247006,0.247985,,0.248596,0.248176,0.248206,0.247921,0.248736,0.248142
GISS,rzsm,"[1950, 2014]",ssp245,0.95,,0.248891,0.249384,,0.249354,0.248835,0.249039,0.249039,0.249251,0.249145,0.249658,0.248948,0.249078,0.249001,0.249288,0.249344,0.249114,0.249062,0.248953,,0.247906,0.248797,,0.249555,0.249027,0.249236,0.248793,0.249684,0.249153
GISS,rzsm,"[1950, 2014]",ssp245,0.98,,0.2503992,0.250479,,0.2506752,0.250013,0.250063,0.2501532,0.25065940000000003,0.2504204,0.2510032,0.2497922,0.2504612,0.2505268,0.2505348,0.25076940000000003,0.2504512,0.25029440000000003,0.249957,,0.249029,0.2497964,,0.2508356,0.2501966,0.2504744,0.2498888,0.250909,0.2502704
GISS,rzsm,"[1981, 2020]",ssp245,0.02,,0.23912254,0.23983126,,0.23993336,0.24024717999999998,0.24037,0.24004608,0.24019008,0.239893,0.2401319,0.24075454,0.23975454,0.23992308,0.2401289,0.2406818,0.23934136,0.2404389,0.2401879,,0.23942,0.2402,,0.24005817999999998,0.24015818,0.24030669999999998,0.24003372,0.240161,0.23990672000000002
GISS,rzsm,"[1981, 2020]",ssp245,0.05,,0.23999935,0.24063545,,0.24091645,0.24108345,0.241078,0.24135045000000002,0.24119115,0.2409078,0.24100845,0.24159245000000001,0.24056445,0.24072645,0.24126045000000002,0.24133845,0.24050145,0.241102,0.2412058,,0.240331,0.2410859,,0.24083045,0.24096345000000002,0.2412779,0.2410938,0.24095045,0.240656
GISS,rzsm,"[1981, 2020]",ssp245,0.1,,0.2410719,0.2414639,,0.2418934,0.24196589999999998,0.2419069,0.242071,0.24216,0.241787,0.2418477,0.2422939,0.2414879,0.24167,0.242004,0.2418989,0.24135489999999998,0.241911,0.2422479,,0.241099,0.2420179,,0.2417089,0.2418299,0.2420599,0.2422028,0.2416469,0.2415489
GISS,rzsm,"[1981, 2020]",ssp245,0.2,,0.242568,0.2426008,,0.24294079999999998,0.242838,0.242985,0.242997,0.2430216,0.242825,0.24285679999999998,0.2431718,0.24268979999999998,0.242749,0.242996,0.242664,0.242541,0.24311059999999998,0.24326979999999998,,0.241965,0.2430368,,0.242927,0.242889,0.2431008,0.243274,0.242729,0.242578
GISS,rzsm,"[1981, 2020]",ssp245,0.3,,0.243378,0.243391,,0.24369269999999998,0.2435327,0.2439167,0.2437617,0.243674,0.24377,0.243532,0.24382669999999998,0.243537,0.243576,0.243677,0.243266,0.243428,0.243929,0.2440137,,0.242654,0.2437527,,0.24374569999999998,0.2436737,0.2438381,0.243947,0.24351,0.2435617
GISS,rzsm,"[1981, 2020]",ssp245,0.7,,0.24569359999999998,0.246149,,0.246324,0.2460549,0.2465573,0.246363,0.2460743,0.2468149,0.24649,0.246356,0.246103,0.246146,0.246199,0.24591659999999999,0.2461603,0.246201,0.246186,,0.245129,0.246202,,0.246919,0.2463143,0.2465213,0.2462833,0.246573,0.2465893
GISS,rzsm,"[1981, 2020]",ssp245,0.8,,0.2463942,0.24687,,0.2472522,0.246841,0.24739,0.24721259999999998,0.2468712,0.2477742,0.2474512,0.2471872,0.246912,0.246939,0.2470936,0.246748,0.2469782,0.246926,0.246922,,0.245981,0.246946,,0.247835,0.2471024,0.247341,0.2470872,0.247542,0.247492
GISS,rzsm,"[1981, 2020]",ssp245,0.9,,0.247419,0.247953,,0.248443,0.24784710000000001,0.2486342,0.248539,0.2481301,0.2491261,0.2488562,0.2483071,0.2481704,0.2482681,0.248255,0.248027,0.2480502,0.2481111,0.248237,,0.247219,0.2481101,,0.2492752,0.2483082,0.2485231,0.248199,0.2490381,0.2486731
GISS,rzsm,"[1981, 2020]",ssp245,0.95,,0.248258,0.24879354999999997,,0.2493911,0.2487311,0.24984255,0.24980755,0.24917355,0.25026054999999997,0.24999765,0.2491441,0.24932854999999998,0.2493922,0.24929954999999998,0.24895955,0.249097,0.24928955,0.2491562,,0.2481172,0.24901455,,0.25056154999999997,0.2493081,0.2494111,0.24910354999999998,0.2502622,0.24967910000000001
GISS,rzsm,"[1981, 2020]",ssp245,0.98,,0.24941664,0.25002164000000004,,0.25053082,0.24987763999999998,0.25196273999999996,0.2516101,0.25037046,0.25188628,0.25135264,0.25002981999999996,0.2508751,0.25098156,0.25069964,0.24997682000000002,0.25062248,0.25056182,0.25016910000000003,,0.24920322,0.25008748,,0.25227174,0.25053981999999997,0.25060656,0.25022046000000003,0.25161110000000003,0.25101138
GRC,rzsm,"[1950, 2014]",ssp245,0.02,,0.2691248,0.269004,,0.2683116,0.268601,0.2690928,0.268351,0.26851339999999996,0.2679806,0.268465,0.2686806,0.2688772,0.2689696,0.2688542,0.26865259999999996,0.2684188,0.2685766,0.2682608,,0.270505,0.2686056,,0.2689188,0.2685108,0.2689116,0.268563,0.2687096,0.2693316
GRC,rzsm,"[1950, 2014]",ssp245,0.05,,0.269695,0.269721,,0.269324,0.269413,0.269875,0.269336,0.26921,0.26888,0.269207,0.269672,0.269495,0.269638,0.26955,0.269461,0.269368,0.26936,0.269333,,0.271488,0.269361,,0.269598,0.269335,0.269678,0.269501,0.269632,0.269913
GRC,rzsm,"[1950, 2014]",ssp245,0.1,,0.270253,0.270307,,0.270103,0.270078,0.270388,0.270041,0.26993,0.269767,0.269879,0.27034,0.270068,0.270213,0.270211,0.270115,0.270114,0.270029,0.270131,,0.272246,0.27014,,0.270206,0.270126,0.270279,0.270142,0.270266,0.270434
GRC,rzsm,"[1950, 2014]",ssp245,0.2,,0.270954,0.270955,,0.270966,0.270857,0.271036,0.270905,0.27083,0.270713,0.270713,0.271043,0.270816,0.270939,0.270937,0.270939,0.270826,0.270802,0.271001,,0.273088,0.271072,,0.270957,0.27106,0.270972,0.27094,0.271019,0.271039
GRC,rzsm,"[1950, 2014]",ssp245,0.3,,0.271483,0.271421,,0.271586,0.271468,0.271492,0.271489,0.271472,0.271383,0.271304,0.271543,0.271347,0.271464,0.27153,0.271514,0.271399,0.271459,0.271589,,0.273683,0.271643,,0.271543,0.271692,0.271486,0.271482,0.27158,0.271536
GRC,rzsm,"[1950, 2014]",ssp245,0.7,,0.273388,0.273283,,0.273593,0.273401,0.27332,0.273365,0.273418,0.273448,0.273256,0.273214,0.273272,0.27326,0.273365,0.273313,0.273371,0.273439,0.273414,,0.275757,0.273455,,0.273338,0.273639,0.27319,0.273281,0.273599,0.273356
GRC,rzsm,"[1950, 2014]",ssp245,0.8,,0.273968,0.273961,,0.274248,0.274006,0.273931,0.273933,0.273989,0.274055,0.273916,0.27378,0.273849,0.273789,0.273919,0.273915,0.273936,0.274086,0.273991,,0.276429,0.273915,,0.273899,0.274176,0.273738,0.273833,0.27418,0.273977
GRC,rzsm,"[1950, 2014]",ssp245,0.9,,0.274772,0.27491,,0.275135,0.27487,0.274849,0.274727,0.2748,0.27492,0.274804,0.274636,0.274633,0.274495,0.274711,0.274821,0.274677,0.275045,0.274836,,0.277418,0.27457,,0.274646,0.274906,0.274505,0.274613,0.275051,0.274904
GRC,rzsm,"[1950, 2014]",ssp245,0.95,,0.275493,0.275732,,0.275887,0.275584,0.275538,0.275408,0.275417,0.275596,0.275576,0.275315,0.275276,0.275059,0.275347,0.275587,0.275352,0.275874,0.275514,,0.278207,0.27513,,0.275206,0.275581,0.275234,0.27529,0.275761,0.275643
GRC,rzsm,"[1950, 2014]",ssp245,0.98,,0.276286,0.2766758,,0.2767796,0.276388,0.2763212,0.276327,0.276206,0.276299,0.2764934,0.2761622,0.27591740000000003,0.27567,0.276033,0.2765016,0.276033,0.2768272,0.27636360000000004,,0.27910840000000003,0.275858,,0.275898,0.2764626,0.275977,0.2760422,0.2764582,0.276506
GRC,rzsm,"[1981, 2020]",ssp245,0.02,,0.26877872,0.26914718000000004,,0.26850908,0.26948618,0.26995436,0.26899118,0.26845772,0.26821406,0.26862008,0.26956853999999997,0.26919635999999997,0.269406,0.26903136,0.26958118000000003,0.26905372,0.2689459,0.26906718,,0.2706059,0.2688699,,0.26891235999999996,0.268497,0.26965718,0.26906618000000004,0.26911816,0.26964318000000004
GRC,rzsm,"[1981, 2020]",ssp245,0.05,,0.26940745,0.26977745000000003,,0.26937,0.269952,0.270499,0.26967645,0.26921245,0.2692637,0.2696079,0.27013845000000003,0.26972135,0.26995345000000004,0.26956845,0.270096,0.26988890000000004,0.26965325,0.26986145,,0.27147,0.2697257,,0.26966445,0.26928845,0.270218,0.26985045,0.2698839,0.27016845
GRC,rzsm,"[1981, 2020]",ssp245,0.1,,0.2700729,0.2703279,,0.270002,0.2704128,0.2710129,0.2702269,0.2699077,0.2700636,0.2703749,0.270697,0.2702949,0.270474,0.2702448,0.270654,0.2704369,0.2702759,0.2705169,,0.272162,0.270515,,0.27029369999999997,0.2700549,0.2707289,0.2705508,0.2705028,0.2706829
GRC,rzsm,"[1981, 2020]",ssp245,0.2,,0.270901,0.270925,,0.2708058,0.271062,0.2716098,0.270923,0.270824,0.2709728,0.271135,0.2713178,0.27109679999999997,0.271201,0.2709436,0.271358,0.271163,0.2710628,0.2713108,,0.2729398,0.2713,,0.2710128,0.270988,0.2713898,0.2712998,0.2712208,0.271391
GRC,rzsm,"[1981, 2020]",ssp245,0.3,,0.271417,0.271364,,0.271468,0.271615,0.27213,0.271468,0.271521,0.271664,0.2716467,0.271771,0.27156,0.271657,0.271551,0.271799,0.271748,0.2716837,0.271839,,0.2735024,0.271886,,0.271598,0.271651,0.2718857,0.271819,0.271787,0.27193269999999997
GRC,rzsm,"[1981, 2020]",ssp245,0.7,,0.273203,0.273075,,0.273395,0.27341530000000003,0.2737653,0.273363,0.273609,0.273761,0.273357,0.27355830000000003,0.273283,0.273247,0.27342,0.273416,0.2737983,0.273601,0.2737003,,0.275523,0.273525,,0.273574,0.2736173,0.273585,0.27351,0.27358760000000004,0.2737673
GRC,rzsm,"[1981, 2020]",ssp245,0.8,,0.273781,0.273639,,0.2740902,0.273971,0.2743582,0.273991,0.274237,0.2743992,0.273978,0.274144,0.273829,0.273754,0.2739452,0.273964,0.274308,0.2742162,0.2743052,,0.2762072,0.273962,,0.274083,0.2741872,0.2741612,0.27403320000000003,0.27414120000000003,0.2744992
GRC,rzsm,"[1981, 2020]",ssp245,0.9,,0.2745673,0.2744662,,0.275064,0.2748621,0.2751562,0.274821,0.2749823,0.2752921,0.274912,0.274926,0.274584,0.274436,0.274641,0.2748731,0.275051,0.275098,0.2751651,,0.277335,0.2746401,,0.2748082,0.274933,0.274998,0.274794,0.2750091,0.27553
GRC,rzsm,"[1981, 2020]",ssp245,0.95,,0.27525855,0.275063,,0.275831,0.275542,0.275873,0.27555,0.27556264999999996,0.27597754999999996,0.27574355,0.2757132,0.275238,0.27503809999999995,0.275168,0.2755641,0.27569255,0.2758712,0.2759601,,0.278098,0.27531354999999996,,0.27540109999999995,0.2756171,0.275699,0.275424,0.2757421,0.276237
GRC,rzsm,"[1981, 2020]",ssp245,0.98,,0.27609146,0.27582182,,0.27691382,0.27639164000000005,0.27674382,0.27649046,0.27633682,0.27673682,0.27663064000000004,0.27639682,0.27588264,0.275667,0.27571064,0.27624181999999997,0.276394,0.27684127999999997,0.27692582,,0.27913528,0.27608282,,0.27614355999999995,0.27629664000000004,0.27640581999999997,0.27619,0.27658046000000003,0.27720681999999996
GSFC,rzsm,"[1950, 2014]",ssp245,0.02,,0.2379556,0.2379086,,0.2378324,0.238416,0.2375646,0.23822179999999998,0.2381868,0.2377898,0.2380014,0.238405,0.2378508,0.2381012,0.2379128,0.2381878,0.2381468,0.2381718,0.2380778,,0.238779,0.238402,,0.2375728,0.2375432,0.2373378,0.23758479999999998,0.23799320000000002,0.237386
GSFC,rzsm,"[1950, 2014]",ssp245,0.05,,0.239023,0.238838,,0.238922,0.239155,0.238572,0.238976,0.239078,0.238738,0.239061,0.239417,0.238755,0.238994,0.239091,0.239115,0.238938,0.239053,0.23909,,0.239773,0.239148,,0.238482,0.238843,0.238346,0.238828,0.23869,0.238546
GSFC,rzsm,"[1950, 2014]",ssp245,0.1,,0.239888,0.239605,,0.239804,0.239882,0.239589,0.239706,0.239809,0.239708,0.239902,0.24017,0.239661,0.239908,0.240057,0.23999,0.239706,0.239904,0.23989,,0.240564,0.23993,,0.239488,0.239668,0.23932,0.239752,0.239552,0.239431
GSFC,rzsm,"[1950, 2014]",ssp245,0.2,,0.240835,0.240507,,0.240784,0.240767,0.24076,0.240673,0.240671,0.240784,0.240804,0.24102,0.240771,0.240917,0.241009,0.24098,0.240745,0.241065,0.240945,,0.241422,0.241073,,0.240684,0.240841,0.240553,0.240941,0.24057,0.240537
GSFC,rzsm,"[1950, 2014]",ssp245,0.3,,0.241555,0.241213,,0.241502,0.241501,0.241533,0.241348,0.241379,0.241546,0.241514,0.24163,0.241573,0.241612,0.241733,0.241612,0.241497,0.241763,0.241669,,0.242077,0.241941,,0.24149,0.241674,0.241344,0.241714,0.241327,0.241376
GSFC,rzsm,"[1950, 2014]",ssp245,0.7,,0.243962,0.243944,,0.244266,0.24405,0.244216,0.243894,0.243848,0.244176,0.244066,0.243805,0.244156,0.244059,0.244169,0.244028,0.244348,0.243997,0.243928,,0.244558,0.244203,,0.244172,0.244138,0.244021,0.243942,0.244184,0.244154
GSFC,rzsm,"[1950, 2014]",ssp245,0.8,,0.244731,0.244835,,0.245117,0.244925,0.245074,0.24475,0.244684,0.244987,0.244997,0.244523,0.244967,0.244801,0.244962,0.244795,0.245315,0.24473,0.244578,,0.245401,0.244861,,0.244988,0.244837,0.244823,0.244683,0.245081,0.244887
GSFC,rzsm,"[1950, 2014]",ssp245,0.9,,0.245788,0.24598,,0.246454,0.246048,0.246237,0.245952,0.246058,0.246149,0.246311,0.245654,0.246091,0.245835,0.246053,0.245865,0.24654,0.245795,0.245494,,0.246538,0.245921,,0.246262,0.246032,0.245974,0.245883,0.246381,0.245954
GSFC,rzsm,"[1950, 2014]",ssp245,0.95,,0.24669,0.247258,,0.247639,0.247018,0.247157,0.246878,0.247185,0.247088,0.247331,0.246538,0.247051,0.246747,0.246919,0.246893,0.247671,0.246839,0.246335,,0.247715,0.246786,,0.247491,0.247239,0.246929,0.246863,0.247411,0.246888
GSFC,rzsm,"[1950, 2014]",ssp245,0.98,,0.2476592,0.2486936,,0.2489256,0.24803340000000001,0.24829420000000002,0.2479362,0.2486518,0.2481314,0.248571,0.2474964,0.248244,0.24779,0.247796,0.2481202,0.248932,0.24823800000000001,0.2473344,,0.24914640000000002,0.2477672,,0.248867,0.248622,0.24809440000000002,0.247946,0.248537,0.24826320000000002
GSFC,rzsm,"[1981, 2020]",ssp245,0.02,,0.23767436,0.23751254,,0.23791198,0.23828936,0.23807418,0.23831718,0.23819443999999998,0.23820954,0.23937836,0.239222,0.23809936,0.23840654,0.2376419,0.23831436,0.23826536,0.23819972,0.23913036000000001,,0.23879918,0.23837418,,0.2379419,0.23744853999999999,0.23778488,0.23807854,0.23785836000000002,0.23835817999999998
GSFC,rzsm,"[1981, 2020]",ssp245,0.05,,0.238732,0.23897045,,0.23895,0.23893245000000002,0.23894545,0.239221,0.239187,0.23915345000000002,0.23994,0.23983645,0.23908215,0.239396,0.23919145,0.23915045000000001,0.2390726,0.2390589,0.23985889999999999,,0.23981945000000002,0.23921945,,0.2387639,0.23899645,0.239069,0.23914445,0.238571,0.239438
GSFC,rzsm,"[1981, 2020]",ssp245,0.1,,0.2398809,0.23980279999999998,,0.2398139,0.2396329,0.239913,0.2402008,0.2399929,0.240116,0.24052,0.240528,0.23991169999999998,0.2401569,0.2401829,0.24002489999999999,0.239766,0.240145,0.24081,,0.2406428,0.24002289999999998,,0.2396689,0.239831,0.240144,0.24003,0.239295,0.2402599
GSFC,rzsm,"[1981, 2020]",ssp245,0.2,,0.240923,0.240765,,0.240922,0.24055379999999998,0.2410688,0.241303,0.2409528,0.241221,0.24130279999999998,0.241322,0.240825,0.241001,0.241093,0.2409538,0.240846,0.241227,0.24171579999999998,,0.2415648,0.2412,,0.24080259999999998,0.240836,0.2411456,0.2411074,0.240341,0.241169
GSFC,rzsm,"[1981, 2020]",ssp245,0.3,,0.24169,0.241501,,0.24166469999999998,0.241335,0.241865,0.242076,0.24163769999999998,0.242078,0.24191569999999998,0.2418797,0.241543,0.241624,0.24177369999999998,0.241568,0.24166269999999998,0.241904,0.2423377,,0.2422387,0.242087,,0.241524,0.24166169999999998,0.241842,0.24181640000000001,0.2411297,0.241856
GSFC,rzsm,"[1981, 2020]",ssp245,0.7,,0.2443096,0.244131,,0.244581,0.243995,0.2446113,0.244962,0.2441723,0.24491,0.2443293,0.244114,0.243958,0.2439693,0.244657,0.243944,0.244369,0.244087,0.244519,,0.24476130000000001,0.2442963,,0.24406930000000002,0.2443029,0.244479,0.244066,0.24407759999999998,0.2444683
GSFC,rzsm,"[1981, 2020]",ssp245,0.8,,0.245086,0.244921,,0.245381,0.244897,0.2455524,0.245759,0.244996,0.245735,0.2452232,0.24484140000000001,0.2446952,0.244634,0.2454422,0.24482040000000002,0.245163,0.24490340000000002,0.245185,,0.24565320000000002,0.2450082,,0.244844,0.2451142,0.2452752,0.2449252,0.245126,0.245249
GSFC,rzsm,"[1981, 2020]",ssp245,0.9,,0.24622940000000001,0.245986,,0.2466154,0.246026,0.246897,0.246847,0.24631820000000001,0.246912,0.246595,0.2460481,0.2457463,0.2455851,0.246516,0.2460482,0.24625840000000002,0.246121,0.246084,,0.2468281,0.2460022,,0.24590420000000002,0.24643320000000002,0.2463711,0.2462221,0.246562,0.246225
GSFC,rzsm,"[1981, 2020]",ssp245,0.95,,0.24709655,0.24726130000000002,,0.2477041,0.24704754999999998,0.24818554999999998,0.24798355,0.247623,0.24798265,0.24754954999999998,0.246961,0.2468842,0.24664655,0.2473461,0.247,0.2471293,0.24731865,0.24690055,,0.247887,0.246887,,0.24706039999999999,0.24760054999999997,0.24729954999999998,0.247416,0.247712,0.24709810000000001
GSFC,rzsm,"[1981, 2020]",ssp245,0.98,,0.24800064,0.24867564,,0.24891082,0.24803664,0.24990427999999998,0.24938446,0.24920574,0.24917756000000002,0.24853746000000002,0.24804482,0.24823466,0.24786992,0.24825728,0.248065,0.24804228,0.24882446,0.24785882,,0.24934266,0.24777764,,0.2483061,0.2489081,0.24895982,0.24860482,0.24882684,0.24848892
JPL,rzsm,"[1950, 2014]",ssp245,0.02,,0.2558898,0.2560698,,0.2557438,0.255477,0.253706,0.25355479999999997,0.25559519999999997,0.256121,0.2553486,0.2553318,0.2562318,0.2559738,0.2560266,0.2560486,0.256719,0.2558992,0.2564686,,0.2518698,0.255132,,0.2536906,0.255821,0.2558162,0.2557218,0.2525968,0.255918
JPL,rzsm,"[1950, 2014]",ssp245,0.05,,0.256872,0.256726,,0.25638,0.256503,0.25442,0.254771,0.256616,0.257007,0.256325,0.256367,0.256932,0.256772,0.256922,0.25694,0.257408,0.256725,0.257096,,0.252817,0.256081,,0.254674,0.256536,0.256726,0.256516,0.253541,0.256571
JPL,rzsm,"[1950, 2014]",ssp245,0.1,,0.257829,0.257604,,0.257339,0.257486,0.255451,0.255983,0.257614,0.257667,0.257336,0.257674,0.257714,0.257632,0.257659,0.257791,0.258115,0.25763,0.257901,,0.253721,0.256974,,0.256015,0.257456,0.257732,0.257308,0.254608,0.257318
JPL,rzsm,"[1950, 2014]",ssp245,0.2,,0.258965,0.258726,,0.258671,0.258825,0.257146,0.257679,0.258962,0.258693,0.258514,0.258914,0.258757,0.258689,0.258853,0.258945,0.259101,0.258792,0.25898,,0.254552,0.258268,,0.257786,0.258829,0.258853,0.258655,0.256479,0.258586
JPL,rzsm,"[1950, 2014]",ssp245,0.3,,0.260043,0.259628,,0.259656,0.25994,0.258385,0.258863,0.259989,0.259643,0.259498,0.259846,0.259633,0.259522,0.259828,0.259922,0.259911,0.259813,0.259893,,0.255223,0.259311,,0.259013,0.259865,0.25982,0.259641,0.258093,0.259414
JPL,rzsm,"[1950, 2014]",ssp245,0.7,,0.264087,0.263273,,0.264052,0.264303,0.263739,0.263879,0.264113,0.263513,0.263294,0.263594,0.263374,0.263274,0.263793,0.263707,0.263558,0.264199,0.263684,,0.258003,0.263712,,0.263088,0.263642,0.264034,0.263636,0.264416,0.263515
JPL,rzsm,"[1950, 2014]",ssp245,0.8,,0.265591,0.264791,,0.265722,0.266055,0.265556,0.265528,0.265627,0.264957,0.264837,0.265013,0.264848,0.264674,0.265282,0.265276,0.264973,0.265823,0.265257,,0.259124,0.265559,,0.264772,0.265249,0.265714,0.265105,0.266575,0.26514
JPL,rzsm,"[1950, 2014]",ssp245,0.9,,0.268067,0.267239,,0.268401,0.268716,0.268914,0.268706,0.267993,0.267281,0.267434,0.267268,0.267327,0.266942,0.267865,0.267541,0.266989,0.268185,0.267575,,0.260754,0.268634,,0.267335,0.267568,0.268405,0.267487,0.269911,0.268101
JPL,rzsm,"[1950, 2014]",ssp245,0.95,,0.270137,0.269424,,0.271396,0.271432,0.272252,0.271198,0.270255,0.269354,0.269711,0.269415,0.269837,0.269306,0.270705,0.269897,0.268827,0.270331,0.269708,,0.262237,0.271227,,0.269474,0.269523,0.271046,0.269488,0.27264,0.271518
JPL,rzsm,"[1950, 2014]",ssp245,0.98,,0.272251,0.27188619999999997,,0.27461420000000003,0.2743462,0.275327,0.2741964,0.2726002,0.271746,0.2725346,0.2717144,0.27268,0.2719856,0.2739626,0.2731112,0.2713094,0.27296539999999997,0.2719544,,0.263892,0.2746674,,0.27238280000000004,0.2720096,0.274151,0.2716222,0.2760348,0.275473
JPL,rzsm,"[1981, 2020]",ssp245,0.02,,0.25597826,0.25540108,,0.25569518,0.25429018000000003,0.253544,0.25319918,0.254838,0.25607,0.2570649,0.25759372,0.25623618000000004,0.256006,0.256521,0.25570818,0.256884,0.25546254,0.25642218,,0.25180518,0.25529208,,0.25675244,0.25530262,0.255523,0.25532318000000004,0.253242,0.25629418000000004
JPL,rzsm,"[1981, 2020]",ssp245,0.05,,0.25683490000000003,0.256274,,0.2563419,0.25505935,0.25427545,0.25424745,0.25607070000000004,0.256922,0.257867,0.25823345000000003,0.256868,0.25669790000000003,0.2571667,0.25626535,0.2575028,0.25638845,0.257047,,0.25322145,0.256099,,0.257562,0.25656245,0.25624645,0.25600545,0.25399345,0.25699745
JPL,rzsm,"[1981, 2020]",ssp245,0.1,,0.2575869,0.25713359999999996,,0.2572158,0.2561457,0.25523049999999997,0.2554759,0.256811,0.2576359,0.258546,0.25901,0.2575289,0.257433,0.2579358,0.257054,0.2583459,0.2571549,0.25786,,0.2540828,0.2569848,,0.2583799,0.2574709,0.257111,0.2567439,0.2549067,0.2576629
JPL,rzsm,"[1981, 2020]",ssp245,0.2,,0.258598,0.25869159999999997,,0.258407,0.257399,0.2568718,0.2574288,0.2579838,0.2586216,0.259697,0.2601198,0.258635,0.25855859999999997,0.2592256,0.2582606,0.259571,0.258274,0.258994,,0.255146,0.258393,,0.259615,0.258603,0.2584308,0.2579088,0.256648,0.2587218
JPL,rzsm,"[1981, 2020]",ssp245,0.3,,0.2596967,0.259809,,0.259338,0.258525,0.25834,0.2588484,0.2588177,0.259618,0.2605954,0.261037,0.259527,0.259385,0.2602047,0.259253,0.2603117,0.25914339999999997,0.2599827,,0.2559287,0.2593987,,0.2606267,0.2595167,0.2592987,0.259024,0.2581117,0.259541
JPL,rzsm,"[1981, 2020]",ssp245,0.7,,0.263961,0.26393419999999995,,0.2633246,0.2629393,0.2642313,0.264781,0.2623063,0.2633073,0.264275,0.264872,0.263281,0.263044,0.2641616,0.2628653,0.2641709,0.263297,0.2639829,,0.258791,0.2637023,,0.26475930000000003,0.2627703,0.263444,0.263241,0.26345260000000004,0.263111
JPL,rzsm,"[1981, 2020]",ssp245,0.8,,0.265494,0.265567,,0.2649436,0.264629,0.2662012,0.2666592,0.263776,0.2646682,0.2659992,0.266518,0.2648974,0.2645038,0.2656342,0.2643682,0.265506,0.2648302,0.265471,,0.25981,0.2652552,,0.2665574,0.264244,0.2652096,0.26465120000000003,0.2655708,0.264513
JPL,rzsm,"[1981, 2020]",ssp245,0.9,,0.2682261,0.26792520000000003,,0.2673844,0.2672233,0.26970170000000004,0.2699652,0.2658382,0.266977,0.2684472,0.2690578,0.26789820000000003,0.2672625,0.2681314,0.2668421,0.2675465,0.2670342,0.267924,,0.2614431,0.2679202,,0.2691827,0.2664331,0.2676664,0.267466,0.2689763,0.2669743
JPL,rzsm,"[1981, 2020]",ssp245,0.95,,0.2702872,0.27008365,,0.27028355,0.26953075,0.27328,0.27266209999999996,0.26792604999999997,0.26899385,0.27076164999999996,0.27132629999999996,0.27069455,0.269877,0.27087675,0.26902,0.2696503,0.2692102,0.26999164999999997,,0.26287689999999997,0.27067865,,0.2720003,0.26787809999999995,0.2705652,0.26956355,0.27111955,0.2701093
JPL,rzsm,"[1981, 2020]",ssp245,0.98,,0.27268546,0.27297574,,0.27407466,0.27280346,0.27649956,0.27620538,0.27047106,0.2713161,0.273191,0.2737162,0.27344182,0.27240527999999997,0.27356082,0.27263148,0.27230228,0.2718941,0.27203120000000003,,0.26431146,0.27457666000000003,,0.27572662,0.26987442,0.27382164000000003,0.2719043,0.27320782,0.27409166
JSC,rzsm,"[1950, 2014]",ssp245,0.02,,0.2697458,0.26896919999999996,,0.26847,0.26862739999999996,0.2688484,0.268577,0.2687468,0.2695448,0.2690608,0.2679812,0.269394,0.270207,0.2681472,0.269922,0.267264,0.268938,0.2682864,,0.267747,0.2691916,,0.269068,0.268639,0.2687136,0.2680794,0.2685286,0.26858139999999997
JSC,rzsm,"[1950, 2014]",ssp245,0.05,,0.270659,0.269947,,0.269394,0.269647,0.269807,0.269541,0.269777,0.270541,0.270168,0.269666,0.270379,0.27114,0.269361,0.270813,0.268437,0.269736,0.269434,,0.268298,0.269952,,0.269978,0.269544,0.270005,0.269538,0.269326,0.269697
JSC,rzsm,"[1950, 2014]",ssp245,0.1,,0.271521,0.27089,,0.270399,0.270716,0.270781,0.270335,0.270913,0.271341,0.271035,0.271029,0.271223,0.271834,0.270427,0.271682,0.269554,0.270733,0.270405,,0.268848,0.270796,,0.270818,0.270425,0.271001,0.270759,0.270272,0.270841
JSC,rzsm,"[1950, 2014]",ssp245,0.2,,0.272642,0.272115,,0.271959,0.272245,0.271878,0.271433,0.272321,0.272364,0.272119,0.272312,0.272249,0.272685,0.271783,0.27272,0.270823,0.271938,0.271762,,0.269645,0.271907,,0.271981,0.271934,0.272285,0.271936,0.271649,0.272253
JSC,rzsm,"[1950, 2014]",ssp245,0.3,,0.273446,0.273033,,0.273097,0.273294,0.272665,0.272308,0.273256,0.273155,0.272859,0.273218,0.273091,0.273436,0.272759,0.273453,0.27181,0.272801,0.272877,,0.270263,0.272738,,0.272773,0.272914,0.273148,0.272819,0.272789,0.273161
JSC,rzsm,"[1950, 2014]",ssp245,0.7,,0.276213,0.276366,,0.276502,0.27646,0.276238,0.275691,0.276245,0.276259,0.275868,0.27593,0.276149,0.276046,0.276075,0.276201,0.275123,0.276234,0.276905,,0.272904,0.27583,,0.275858,0.27623,0.276333,0.276001,0.276494,0.276206
JSC,rzsm,"[1950, 2014]",ssp245,0.8,,0.277115,0.277385,,0.277606,0.277458,0.277581,0.276848,0.277147,0.277237,0.276944,0.276778,0.277246,0.27698,0.277186,0.277142,0.276268,0.277286,0.278358,,0.273923,0.277057,,0.276939,0.277325,0.277471,0.277073,0.277708,0.277268
JSC,rzsm,"[1950, 2014]",ssp245,0.9,,0.278525,0.278921,,0.279232,0.27899,0.279574,0.2786,0.278562,0.278758,0.278601,0.278116,0.278946,0.278439,0.278879,0.278521,0.278024,0.279055,0.280499,,0.275453,0.278866,,0.278812,0.278876,0.279225,0.278667,0.279237,0.278854
JSC,rzsm,"[1950, 2014]",ssp245,0.95,,0.27967,0.280306,,0.280848,0.280553,0.281027,0.280341,0.279896,0.280027,0.280054,0.279442,0.280265,0.279766,0.28038,0.279769,0.279786,0.280694,0.282386,,0.276837,0.280568,,0.280357,0.280264,0.280586,0.28016,0.280699,0.280229
JSC,rzsm,"[1950, 2014]",ssp245,0.98,,0.28093,0.2819294,,0.2825922,0.282368,0.282571,0.282562,0.2813382,0.2817306,0.2822612,0.28110240000000003,0.2818426,0.2810782,0.2820482,0.281054,0.2814392,0.28256719999999996,0.2845164,,0.278462,0.282814,,0.2824164,0.281833,0.28206,0.2820998,0.2822884,0.2817444
JSC,rzsm,"[1981, 2020]",ssp245,0.02,,0.26976654,0.26884718,,0.26857454,0.26811054,0.26877718,0.26904335999999995,0.26948036,0.26935136,0.26942018,0.27050854,0.26895718,0.26972554,0.2684468,0.26970544,0.267431,0.26875072,0.26853336,,0.26795118,0.26925072,,0.26851844,0.26859118000000004,0.26856853999999997,0.267855,0.26816018,0.26788818000000003
JSC,rzsm,"[1981, 2020]",ssp245,0.05,,0.27062735,0.26975745,,0.26930790000000004,0.269126,0.26964745,0.26989145000000003,0.27060245,0.27028015,0.27026245,0.27132245,0.26995070000000004,0.270717,0.26980645000000003,0.270469,0.26879445,0.269395,0.26944090000000004,,0.2684379,0.270114,,0.26948135,0.269513,0.2694958,0.26938445,0.26897145,0.2688257
JSC,rzsm,"[1981, 2020]",ssp245,0.1,,0.2714066,0.270695,,0.2701739,0.2700838,0.2705459,0.2706989,0.27150979999999997,0.2710887,0.2710568,0.27201,0.270756,0.2714598,0.27090549999999997,0.2712619,0.269838,0.2702769,0.2702349,,0.268915,0.27103689999999997,,0.2704309,0.2704309,0.2706413,0.270516,0.269751,0.2700237
JSC,rzsm,"[1981, 2020]",ssp245,0.2,,0.272506,0.271819,,0.271606,0.2714098,0.271775,0.2718818,0.2726828,0.272148,0.2723216,0.2730688,0.271778,0.272269,0.272183,0.272278,0.2710788,0.2714868,0.2713556,,0.2696188,0.27212,,0.2717616,0.27186,0.2719568,0.2717398,0.2712206,0.271533
JSC,rzsm,"[1981, 2020]",ssp245,0.3,,0.273266,0.272639,,0.272611,0.272437,0.2726117,0.272716,0.27354680000000003,0.272916,0.2731667,0.273787,0.272643,0.2729707,0.273143,0.27301369999999997,0.2720107,0.272376,0.2724167,,0.270203,0.27305,,0.272663,0.272801,0.272852,0.272628,0.27249,0.272581
JSC,rzsm,"[1981, 2020]",ssp245,0.7,,0.2760386,0.2757973,,0.275693,0.2758776,0.276667,0.2761013,0.276387,0.276259,0.2763203,0.2763483,0.275531,0.275547,0.276337,0.27594,0.274878,0.275724,0.27630930000000004,,0.272859,0.2764953,,0.2759143,0.2764183,0.275938,0.2758713,0.2766593,0.275889
JSC,rzsm,"[1981, 2020]",ssp245,0.8,,0.277014,0.2768964,,0.276967,0.2768182,0.2779632,0.277162,0.277345,0.2773982,0.277343,0.2773,0.276538,0.2764072,0.2773812,0.2768822,0.2757562,0.276755,0.277643,,0.273974,0.2778584,,0.2771202,0.277591,0.276984,0.276894,0.277972,0.27686
JSC,rzsm,"[1981, 2020]",ssp245,0.9,,0.2785431,0.2784753,,0.2787703,0.278204,0.279731,0.2787585,0.2788541,0.2789801,0.2788832,0.278755,0.2781783,0.2778113,0.27913910000000003,0.27844,0.2772632,0.2784021,0.279752,,0.275578,0.27963330000000003,,0.2790193,0.2790532,0.27864140000000004,0.278321,0.2796051,0.2783401
JSC,rzsm,"[1981, 2020]",ssp245,0.95,,0.27978654999999997,0.27980355,,0.2804771,0.2796301,0.281111,0.28061155,0.28022909999999995,0.280304,0.28017854999999997,0.28023485,0.27965095,0.27917509999999995,0.28090755,0.27985665,0.27902875,0.28020655,0.2816553,,0.27712264999999997,0.28132609999999997,,0.28045064999999997,0.2804782,0.28012755,0.27938465,0.28105075,0.27964574999999997
JSC,rzsm,"[1981, 2020]",ssp245,0.98,,0.28117255999999996,0.28134338,,0.28269321999999997,0.2815982,0.28251982,0.28292276,0.281553,0.28206264000000003,0.28237028,0.28209101999999997,0.28123638,0.28069964000000003,0.28272448,0.281355,0.28070646,0.2821932,0.28383946,,0.27895082,0.28353764000000004,,0.28260374,0.28225684,0.28160164000000004,0.28100655999999996,0.28266564,0.28121282
KSC,rzsm,"[1950, 2014]",ssp245,0.02,,0.1961432,0.1940308,,0.1924986,0.19691440000000002,0.2007836,0.193584,0.1951678,0.2025978,0.1962806,0.204029,0.1942302,0.1941604,0.1908854,0.1954244,0.197406,0.2050034,0.20242279999999999,,0.18934,0.1945016,,0.2017678,0.2038684,0.195432,0.1924466,0.1904964,0.2019842
KSC,rzsm,"[1950, 2014]",ssp245,0.05,,0.207291,0.204004,,0.202802,0.207263,0.21051,0.207306,0.210261,0.213007,0.206833,0.214916,0.206294,0.206531,0.2024,0.207862,0.207893,0.214448,0.213217,,0.198244,0.205168,,0.210638,0.214068,0.207085,0.207629,0.202743,0.212402
KSC,rzsm,"[1950, 2014]",ssp245,0.1,,0.21757,0.214153,,0.214387,0.216861,0.220214,0.21903,0.219837,0.221564,0.217475,0.223593,0.215457,0.216133,0.215088,0.218065,0.217993,0.22227,0.221604,,0.207137,0.214694,,0.220182,0.222048,0.217937,0.21886,0.214297,0.221846
KSC,rzsm,"[1950, 2014]",ssp245,0.2,,0.230236,0.226151,,0.227752,0.227753,0.232735,0.231706,0.231585,0.231867,0.229835,0.234149,0.226309,0.226598,0.229175,0.231423,0.229843,0.232481,0.232226,,0.218813,0.227254,,0.231306,0.231778,0.229815,0.230935,0.228512,0.232668
KSC,rzsm,"[1950, 2014]",ssp245,0.3,,0.239195,0.235277,,0.237045,0.236611,0.241027,0.240236,0.239771,0.238759,0.238198,0.241092,0.23545,0.235387,0.238361,0.240001,0.238147,0.240085,0.239804,,0.227887,0.236691,,0.2386,0.239008,0.238346,0.238912,0.237356,0.240379
KSC,rzsm,"[1950, 2014]",ssp245,0.7,,0.266929,0.26702,,0.267543,0.266308,0.269861,0.268244,0.268188,0.266862,0.267836,0.265695,0.268384,0.268408,0.268415,0.268299,0.262095,0.26607,0.26677,,0.261433,0.267419,,0.267506,0.266774,0.267162,0.26694,0.268126,0.269689
KSC,rzsm,"[1950, 2014]",ssp245,0.8,,0.274763,0.275948,,0.27646,0.275714,0.278189,0.276538,0.277036,0.275901,0.276754,0.273997,0.277409,0.276888,0.277262,0.276062,0.268948,0.275024,0.275111,,0.272593,0.275214,,0.276856,0.275375,0.276325,0.275505,0.276789,0.278514
KSC,rzsm,"[1950, 2014]",ssp245,0.9,,0.28606,0.288131,,0.287846,0.288118,0.288788,0.287102,0.287648,0.287278,0.288815,0.284696,0.289074,0.288122,0.28925,0.286585,0.278758,0.286609,0.285821,,0.288673,0.286076,,0.287931,0.286287,0.288666,0.286516,0.288487,0.289419
KSC,rzsm,"[1950, 2014]",ssp245,0.95,,0.294374,0.297252,,0.296345,0.296868,0.297473,0.294824,0.295363,0.295803,0.297767,0.29244,0.297516,0.296123,0.298017,0.294438,0.286956,0.294679,0.293647,,0.299351,0.293878,,0.295945,0.293994,0.298133,0.294518,0.296935,0.297811
KSC,rzsm,"[1950, 2014]",ssp245,0.98,,0.30205119999999996,0.30623,,0.30553620000000004,0.30488980000000004,0.3061136,0.3025498,0.3029214,0.3036312,0.3067432,0.3011064,0.305096,0.3033292,0.305712,0.3026648,0.2959578,0.30255,0.30090680000000003,,0.310714,0.3016634,,0.3032066,0.30190019999999995,0.307551,0.30263,0.30495459999999996,0.30607600000000007
KSC,rzsm,"[1981, 2020]",ssp245,0.02,,0.19541662,0.1903873,,0.1887543,0.19894306,0.20220986,0.19472019999999998,0.19398272,0.1983924,0.20105524,0.20561206,0.19107862,0.19101024,0.19107608,0.19332280000000002,0.19470716,0.19786812,0.19891362,,0.18545562,0.19432065999999998,,0.1988857,0.20778504,0.19207716,0.19060417999999998,0.18842172000000001,0.199489
KSC,rzsm,"[1981, 2020]",ssp245,0.05,,0.20661435,0.2008937,,0.20080745,0.21074035000000002,0.21009155,0.20830815,0.2066337,0.21149905,0.2094912,0.2169959,0.20246885,0.2032469,0.2039576,0.20600535,0.20364000000000002,0.2085264,0.210425,,0.1958649,0.2057824,,0.2068769,0.21677345,0.20375745,0.20607309999999998,0.20269905,0.21034809999999998
KSC,rzsm,"[1981, 2020]",ssp245,0.1,,0.21707369999999998,0.2119494,,0.2122069,0.2188814,0.2191922,0.22014450000000002,0.2171742,0.2211959,0.2191058,0.22575620000000002,0.2122494,0.2134827,0.21576779999999998,0.216009,0.2125304,0.2195156,0.22036820000000001,,0.2046481,0.2154939,,0.21706720000000002,0.224099,0.2146625,0.21718659999999998,0.21501699999999999,0.2199375
KSC,rzsm,"[1981, 2020]",ssp245,0.2,,0.2303858,0.224165,,0.22719,0.23003,0.2315864,0.232606,0.2294986,0.2324378,0.2303944,0.2363046,0.2235474,0.2243202,0.230264,0.22903579999999998,0.2253156,0.23108040000000002,0.2322952,,0.217212,0.2274652,,0.229887,0.234095,0.22803559999999998,0.22981559999999998,0.2279728,0.2308418
KSC,rzsm,"[1981, 2020]",ssp245,0.3,,0.23888040000000002,0.2331684,,0.2373117,0.2377957,0.2400929,0.2407007,0.2393409,0.2396494,0.2389779,0.2428101,0.2323167,0.2326317,0.24102469999999998,0.2381568,0.2345712,0.2385108,0.2402918,,0.2261821,0.2368147,,0.23764949999999999,0.2407378,0.23688979999999998,0.2374926,0.23580240000000002,0.2382726
KSC,rzsm,"[1981, 2020]",ssp245,0.7,,0.2658476,0.2653679,,0.2690472,0.2680706,0.26878199999999997,0.269282,0.2681306,0.2665609,0.2688103,0.2666886,0.2666823,0.2666589,0.270228,0.2686382,0.2603875,0.263939,0.2665392,,0.2604809,0.26869149999999997,,0.2662793,0.2684277,0.2659035,0.2661093,0.268693,0.2672655
KSC,rzsm,"[1981, 2020]",ssp245,0.8,,0.27424540000000003,0.274424,,0.2780846,0.2775644,0.27733080000000004,0.277708,0.2770412,0.2752616,0.2788352,0.2745786,0.2760612,0.275705,0.27846960000000004,0.27664140000000004,0.2673046,0.2725478,0.2751094,,0.2727902,0.27673200000000003,,0.27497340000000003,0.277342,0.2757152,0.27479319999999996,0.27729960000000003,0.2762344
KSC,rzsm,"[1981, 2020]",ssp245,0.9,,0.2862305,0.2870528,,0.28965830000000004,0.2901421,0.287759,0.2880283,0.2874761,0.2867911,0.29089,0.2852522,0.2879481,0.28723190000000004,0.2896036,0.2872844,0.27694680000000005,0.2841481,0.2857989,,0.289047,0.2873775,,0.2860573,0.2879978,0.2880204,0.2857272,0.28941680000000003,0.2879212
KSC,rzsm,"[1981, 2020]",ssp245,0.95,,0.29526384999999994,0.29648795,,0.29807665,0.29881329999999995,0.29675275,0.295296,0.2951422,0.2948263,0.2994912,0.29272024999999996,0.29729754999999997,0.29590665,0.29830260000000003,0.29483855,0.28544405,0.29274195,0.29320095,,0.29945685,0.2948735,,0.29504255,0.29573065,0.29861335,0.29379105,0.297658,0.2965675
KSC,rzsm,"[1981, 2020]",ssp245,0.98,,0.30408704,0.30531266,,0.30688576,0.3057622,0.30677602,0.3028612,0.30271468,0.30250469999999996,0.3084022,0.30102738,0.30480219999999997,0.30325294,0.30613248,0.30310448,0.29506546,0.30058604,0.30091538,,0.30999982,0.30272098,,0.30254422,0.30326764,0.30802082,0.30155677999999997,0.30590284,0.3051144
LARC,rzsm,"[1950, 2014]",ssp245,0.02,,0.2318742,0.2290168,,0.22852740000000002,0.254238,0.2377838,0.252776,0.2536602,0.2278582,0.229186,0.23798,0.25755639999999996,0.2584918,0.2318052,0.23205579999999998,0.2294636,0.23017079999999998,0.2555114,,0.2386346,0.24024,,0.22639979999999998,0.232126,0.2344578,0.2337322,0.232897,0.23441340000000002
LARC,rzsm,"[1950, 2014]",ssp245,0.05,,0.241552,0.236967,,0.237789,0.259606,0.245509,0.258943,0.259178,0.237778,0.238612,0.245607,0.262288,0.263004,0.240916,0.240472,0.239133,0.240288,0.260718,,0.245816,0.246966,,0.237931,0.242187,0.24353,0.243989,0.240985,0.244063
LARC,rzsm,"[1950, 2014]",ssp245,0.1,,0.249822,0.245957,,0.245882,0.264707,0.25307,0.264532,0.264893,0.246929,0.247616,0.252715,0.267421,0.267915,0.250522,0.24924,0.249164,0.250297,0.265948,,0.253499,0.253293,,0.248253,0.250102,0.252013,0.251982,0.249747,0.25267
LARC,rzsm,"[1950, 2014]",ssp245,0.2,,0.260489,0.257849,,0.257542,0.271685,0.263257,0.272357,0.272666,0.258987,0.25986,0.262295,0.274312,0.274808,0.262663,0.26031,0.261862,0.261616,0.27356,,0.263181,0.262367,,0.259974,0.26046,0.262054,0.261938,0.260722,0.263205
LARC,rzsm,"[1950, 2014]",ssp245,0.3,,0.2686,0.267049,,0.267229,0.277636,0.271293,0.278411,0.278877,0.268266,0.268402,0.269508,0.279771,0.279964,0.271343,0.268052,0.27063,0.269965,0.279285,,0.270247,0.269784,,0.269263,0.268928,0.269732,0.269655,0.268732,0.271155
LARC,rzsm,"[1950, 2014]",ssp245,0.7,,0.293311,0.294012,,0.293921,0.298057,0.294431,0.297851,0.298222,0.294754,0.294324,0.293162,0.297173,0.297104,0.294813,0.293832,0.295392,0.294597,0.29789,,0.289998,0.292706,,0.29443,0.294365,0.293542,0.294631,0.293776,0.293982
LARC,rzsm,"[1950, 2014]",ssp245,0.8,,0.298925,0.299946,,0.300702,0.303379,0.300835,0.303145,0.303742,0.300884,0.30079,0.299122,0.302537,0.302345,0.300772,0.300428,0.301647,0.300355,0.303333,,0.294964,0.299103,,0.300562,0.300698,0.299519,0.300426,0.30047,0.300167
LARC,rzsm,"[1950, 2014]",ssp245,0.9,,0.30629,0.30749,,0.30955,0.310894,0.309261,0.311146,0.311285,0.309546,0.30893,0.307071,0.310009,0.309572,0.30887,0.308725,0.310033,0.308185,0.310651,,0.302176,0.307724,,0.30908,0.308988,0.307716,0.308005,0.308741,0.308512
LARC,rzsm,"[1950, 2014]",ssp245,0.95,,0.312349,0.3139,,0.316469,0.317005,0.316024,0.317763,0.317962,0.317113,0.315392,0.313451,0.316748,0.316085,0.315384,0.315443,0.316691,0.314357,0.316761,,0.308556,0.314185,,0.316227,0.315539,0.314309,0.314135,0.315468,0.31551
LARC,rzsm,"[1950, 2014]",ssp245,0.98,,0.3189926,0.3216106,,0.32477880000000003,0.32517700000000005,0.324263,0.3257726,0.3252176,0.32582500000000003,0.3234678,0.3207876,0.3247252,0.32357280000000005,0.3226124,0.32320600000000005,0.3241776,0.3221216,0.3239596,,0.316444,0.3211,,0.3246212,0.32348800000000005,0.3215952,0.321288,0.323835,0.3236346
LARC,rzsm,"[1981, 2020]",ssp245,0.02,,0.2309974,0.23129948,,0.23153044,0.25359808,0.24095788,0.25426426,0.2528484,0.22821982,0.2313836,0.2361139,0.25698062,0.2579579,0.23362438,0.2326407,0.22144998,0.23243132,0.25689954,,0.23586611999999998,0.23784086000000002,,0.22789354,0.22712955999999998,0.23044138,0.22957776,0.23252536000000001,0.238239
LARC,rzsm,"[1981, 2020]",ssp245,0.05,,0.24151355,0.23866125,,0.24060905000000002,0.25895585,0.24894215,0.26008939999999997,0.25831235,0.2379155,0.2409626,0.24323805,0.26151635,0.26244090000000003,0.24434245000000002,0.24070550000000002,0.2329377,0.24241925,0.2621598,,0.24300535,0.24536925,,0.2408935,0.23969959999999998,0.23933325,0.24201340000000002,0.2398924,0.24712735
LARC,rzsm,"[1981, 2020]",ssp245,0.1,,0.2504027,0.2470888,,0.248574,0.2640492,0.25596979999999997,0.2655087,0.2639262,0.2470352,0.2511064,0.2509324,0.2663008,0.2668736,0.2538044,0.2495743,0.2433646,0.25143780000000004,0.26746010000000003,,0.2511925,0.2518409,,0.2505376,0.2482161,0.2489026,0.2504798,0.24837440000000002,0.25533249999999996
LARC,rzsm,"[1981, 2020]",ssp245,0.2,,0.261243,0.2584008,,0.2595122,0.270953,0.2665828,0.273078,0.271939,0.2590722,0.2641862,0.2608568,0.27303120000000003,0.2737312,0.2658036,0.2607354,0.2557722,0.2622886,0.2747918,,0.2610326,0.260701,,0.260933,0.25861839999999997,0.2599468,0.2598872,0.2594944,0.2654452
LARC,rzsm,"[1981, 2020]",ssp245,0.3,,0.2694794,0.2671142,,0.26840529999999996,0.2769197,0.2734168,0.2796087,0.2783841,0.2677971,0.272321,0.2682741,0.27890739999999997,0.2792505,0.2740701,0.268618,0.26462569999999996,0.2703894,0.2805234,,0.2688701,0.2680217,,0.2693545,0.2677384,0.268494,0.2679304,0.26787629999999996,0.2723267
LARC,rzsm,"[1981, 2020]",ssp245,0.7,,0.293666,0.2939345,,0.2937273,0.2973172,0.2945463,0.2994133,0.2985729,0.2944002,0.29613249999999997,0.2931672,0.29757399999999995,0.29759599999999997,0.2958826,0.2939523,0.2927656,0.293958,0.29863649999999997,,0.2889836,0.2913472,,0.2941816,0.2944136,0.294081,0.294146,0.2934293,0.29401
LARC,rzsm,"[1981, 2020]",ssp245,0.8,,0.29953060000000004,0.3000702,,0.3002888,0.302729,0.30088560000000003,0.3049576,0.304315,0.30109199999999997,0.30230280000000004,0.2992502,0.303115,0.3030252,0.3020104,0.3008506,0.299593,0.2997918,0.3039452,,0.294065,0.2980626,,0.3005524,0.30072160000000003,0.3003976,0.300374,0.29985819999999996,0.3002304
LARC,rzsm,"[1981, 2020]",ssp245,0.9,,0.3071753,0.3077664,,0.30825,0.3106457,0.3096463,0.3131107,0.3117042,0.3101731,0.3102591,0.3073431,0.3105732,0.3100084,0.3102418,0.30893940000000003,0.3084051,0.3077498,0.3113452,,0.3009741,0.3071722,,0.30962080000000003,0.3088519,0.3084314,0.30860590000000004,0.3083633,0.30881919999999996
LARC,rzsm,"[1981, 2020]",ssp245,0.95,,0.31323585,0.314306,,0.31489554999999997,0.31692254999999997,0.3162182,0.32039124999999996,0.31816465,0.3177094,0.3170303,0.31349855,0.31713025,0.3163971,0.3171762,0.3152392,0.31508674999999997,0.31411705,0.31750385,,0.30779639999999997,0.3140464,,0.31650985,0.3154983,0.3149382,0.31481975,0.31510545,0.31579175
LARC,rzsm,"[1981, 2020]",ssp245,0.98,,0.32002527999999997,0.32159392,,0.32285082,0.32494056,0.3242766,0.32801021999999996,0.32611029999999996,0.32644902,0.32496542,0.32081058,0.32472582,0.32380756,0.32511078,0.32308282,0.32243582,0.32170106,0.32438612,,0.31603658,0.3213315,,0.3248651,0.3234645,0.32240074,0.3218455,0.32399056,0.3241215
MAF,rzsm,"[1950, 2014]",ssp245,0.02,,0.2386252,0.2321818,,0.2313262,0.2309192,0.24032,0.2339172,0.2348478,0.2403452,0.2381504,0.23319379999999998,0.23902020000000002,0.24103460000000002,0.233258,0.2394272,0.2262778,0.2233786,0.2190342,,0.2378556,0.236806,,0.2242998,0.2272174,0.237283,0.2356552,0.23252979999999998,0.23718540000000002
MAF,rzsm,"[1950, 2014]",ssp245,0.05,,0.247534,0.242395,,0.244734,0.241504,0.249564,0.244613,0.244565,0.249983,0.248214,0.244425,0.248309,0.250557,0.244868,0.249048,0.236737,0.236574,0.234667,,0.245555,0.24677,,0.234998,0.241068,0.246329,0.246623,0.244514,0.246115
MAF,rzsm,"[1950, 2014]",ssp245,0.1,,0.257392,0.252149,,0.254684,0.251774,0.258256,0.253916,0.255021,0.258933,0.256841,0.254422,0.257199,0.259083,0.256583,0.257492,0.245671,0.24813,0.248373,,0.253526,0.254965,,0.245979,0.251198,0.255398,0.255749,0.254567,0.256058
MAF,rzsm,"[1950, 2014]",ssp245,0.2,,0.269845,0.265024,,0.266673,0.264813,0.268959,0.266752,0.26775,0.270752,0.267923,0.266338,0.268511,0.269973,0.267916,0.26881,0.25894,0.264935,0.264334,,0.266842,0.266532,,0.261308,0.264258,0.267517,0.26683,0.267589,0.268506
MAF,rzsm,"[1950, 2014]",ssp245,0.3,,0.27814,0.274214,,0.274986,0.274449,0.276768,0.274671,0.276565,0.278935,0.276265,0.275259,0.27714,0.277953,0.27629,0.277156,0.269168,0.275771,0.27498,,0.276311,0.274387,,0.271738,0.273533,0.275837,0.27516,0.276379,0.276722
MAF,rzsm,"[1950, 2014]",ssp245,0.7,,0.301347,0.300658,,0.301266,0.301488,0.301835,0.300128,0.301848,0.302059,0.300727,0.300288,0.301893,0.301329,0.300865,0.301268,0.298772,0.302125,0.302316,,0.29994,0.300116,,0.301233,0.301163,0.301576,0.301176,0.301513,0.302299
MAF,rzsm,"[1950, 2014]",ssp245,0.8,,0.307498,0.307765,,0.308342,0.30794,0.309043,0.307366,0.308888,0.308335,0.307843,0.30697,0.308721,0.307664,0.307375,0.307757,0.305998,0.309094,0.309457,,0.306322,0.307471,,0.3089,0.308554,0.308464,0.308043,0.308169,0.309373
MAF,rzsm,"[1950, 2014]",ssp245,0.9,,0.31593,0.317396,,0.31803,0.317308,0.318686,0.317027,0.318418,0.317393,0.317444,0.31626,0.317903,0.316079,0.316455,0.316663,0.31506,0.318588,0.318772,,0.314648,0.316725,,0.319542,0.317748,0.318101,0.317408,0.317483,0.318681
MAF,rzsm,"[1950, 2014]",ssp245,0.95,,0.323025,0.3259,,0.325706,0.325333,0.32654,0.325237,0.326259,0.32514,0.325254,0.324048,0.325072,0.322783,0.324609,0.32371,0.322369,0.326358,0.32668,,0.321463,0.324249,,0.328057,0.324743,0.326316,0.325207,0.325543,0.326815
MAF,rzsm,"[1950, 2014]",ssp245,0.98,,0.3303834,0.33501000000000003,,0.3347524,0.3352036,0.335644,0.33456559999999996,0.33607560000000003,0.334723,0.3336734,0.332608,0.3335464,0.3302754,0.3334864,0.3316082,0.3313302,0.33472040000000003,0.3354146,,0.3294366,0.3330456,,0.33673280000000005,0.33225699999999997,0.3353716,0.33398659999999997,0.3351246,0.3364024
MAF,rzsm,"[1981, 2020]",ssp245,0.02,,0.23627034,0.2320163,,0.23199282,0.22755546,0.2404599,0.23433614,0.23797298,0.23762996,0.24623706,0.23808276,0.2344242,0.23726834,0.23576958,0.23747268,0.22625188000000002,0.22122568,0.21973946,,0.23322833999999998,0.23402686,,0.22446249999999998,0.23501261999999998,0.2362847,0.2349129,0.23031684,0.23028222
MAF,rzsm,"[1981, 2020]",ssp245,0.05,,0.24569965000000002,0.24240225,,0.24513245,0.23881075,0.2502939,0.2446739,0.24742695,0.2465065,0.25377035000000003,0.24700840000000002,0.2463325,0.2487821,0.2472919,0.24836305,0.23497575,0.23274765,0.23301355,,0.2415032,0.24392245,,0.23450845,0.24418779999999998,0.24453315,0.2458439,0.24503165000000002,0.2390611
MAF,rzsm,"[1981, 2020]",ssp245,0.1,,0.2556982,0.2507678,,0.25488170000000004,0.2502817,0.2585689,0.254435,0.2575641,0.2568696,0.2608862,0.25564919999999997,0.2551318,0.2575322,0.2573779,0.2572961,0.2441073,0.2423107,0.2461872,,0.2506155,0.2530514,,0.2449306,0.2530211,0.2534707,0.254302,0.2554377,0.2483866
MAF,rzsm,"[1981, 2020]",ssp245,0.2,,0.268585,0.263356,,0.26663180000000003,0.26298360000000004,0.2695178,0.2663506,0.2697136,0.269697,0.2707058,0.2674686,0.2656864,0.2678042,0.26818559999999997,0.26846159999999997,0.25652,0.2582588,0.2617604,,0.2634144,0.2641214,,0.2607852,0.26498859999999996,0.26591319999999996,0.2646928,0.2684348,0.2616292
MAF,rzsm,"[1981, 2020]",ssp245,0.3,,0.2770425,0.2729437,,0.274732,0.2727328,0.2769867,0.2750261,0.2777687,0.2786087,0.2783197,0.2761047,0.2749404,0.275931,0.27564289999999997,0.2768309,0.26616480000000003,0.2705647,0.2722011,,0.27376659999999997,0.27189769999999996,,0.2716474,0.2739105,0.2744355,0.272856,0.2770629,0.2711202
MAF,rzsm,"[1981, 2020]",ssp245,0.7,,0.3004879,0.3004426,,0.2998783,0.3006683,0.3024269,0.3015136,0.30171519999999996,0.3015296,0.3021846,0.3014896,0.3011001,0.3007383,0.3013443,0.301528,0.298349,0.3005854,0.3005535,,0.2990115,0.2998745,,0.30134679999999997,0.3013158,0.3002509,0.299178,0.3015586,0.299678
MAF,rzsm,"[1981, 2020]",ssp245,0.8,,0.30688000000000004,0.3076484,,0.30686240000000004,0.3071234,0.309712,0.3089092,0.30880620000000003,0.30775980000000003,0.30897440000000004,0.3079858,0.3081188,0.307203,0.3082992,0.3080924,0.3058404,0.307727,0.308075,,0.3053052,0.3075606,,0.30885640000000003,0.3083758,0.3068974,0.30641240000000003,0.3084078,0.30689160000000004
MAF,rzsm,"[1981, 2020]",ssp245,0.9,,0.315556,0.3172743,,0.3171524,0.3166934,0.31952719999999996,0.3187084,0.3185136,0.3166235,0.3180271,0.3169422,0.3176166,0.3159676,0.31776550000000003,0.31704580000000004,0.3156873,0.3172873,0.3182273,,0.31357820000000003,0.31641980000000003,,0.3192371,0.3175302,0.3164797,0.3158876,0.3180499,0.3160597
MAF,rzsm,"[1981, 2020]",ssp245,0.95,,0.3223811,0.3257772,,0.32517175,0.3250673,0.32733055,0.32715235,0.3267675,0.32382255,0.3254205,0.3245201,0.32522095,0.3230335,0.32586075,0.32408784999999996,0.32299839999999996,0.3254247,0.326605,,0.32062365,0.324122,,0.32782965,0.32461465,0.32500855,0.32373995,0.32602675,0.3245498
MAF,rzsm,"[1981, 2020]",ssp245,0.98,,0.32967782,0.33491658,,0.33444982,0.33521328,0.33717332,0.33670486,0.33638840000000003,0.33353782,0.33419108,0.33344571999999995,0.33424596,0.33077842,0.33532638,0.33229082,0.3319425,0.33457084,0.33456814,,0.32883999999999997,0.33322640000000003,,0.33657642,0.3323612,0.33383353999999993,0.33278938,0.33503868,0.33430848
MSFC,rzsm,"[1950, 2014]",ssp245,0.02,,0.1729732,0.1705392,,0.1837692,0.192207,0.2153458,0.1752884,0.18082779999999998,0.1854712,0.1738402,0.2008372,0.181969,0.1892828,0.17986580000000002,0.1741276,0.1778282,0.1814176,0.1738432,,0.2179816,0.1868294,,0.1841688,0.19620079999999998,0.1852916,0.1927266,0.1853818,0.2128716
MSFC,rzsm,"[1950, 2014]",ssp245,0.05,,0.196429,0.193516,,0.20413,0.20669,0.232352,0.198087,0.206122,0.210964,0.197472,0.22061,0.212435,0.218861,0.205378,0.203595,0.199533,0.203389,0.200958,,0.23205,0.212038,,0.208614,0.214402,0.207045,0.21019,0.204797,0.228057
MSFC,rzsm,"[1950, 2014]",ssp245,0.1,,0.226174,0.217593,,0.221953,0.222618,0.245444,0.224153,0.228598,0.232347,0.220754,0.23768,0.232981,0.237124,0.22374,0.226132,0.224268,0.22341,0.225201,,0.24522,0.229419,,0.226716,0.231049,0.227688,0.22669,0.223272,0.242378
MSFC,rzsm,"[1950, 2014]",ssp245,0.2,,0.251393,0.248792,,0.245344,0.243537,0.261434,0.246578,0.250904,0.252982,0.24524,0.2561,0.252673,0.255259,0.247336,0.249035,0.249661,0.247794,0.252596,,0.260863,0.248209,,0.247646,0.250384,0.250597,0.248047,0.245701,0.259828
MSFC,rzsm,"[1950, 2014]",ssp245,0.3,,0.266009,0.266501,,0.260948,0.260085,0.272259,0.261536,0.265722,0.266632,0.262879,0.26812,0.266824,0.268174,0.26402,0.2638,0.264422,0.264473,0.267753,,0.271923,0.261542,,0.262567,0.263215,0.263885,0.263257,0.260668,0.271761
MSFC,rzsm,"[1950, 2014]",ssp245,0.7,,0.300768,0.301661,,0.300964,0.301353,0.302009,0.300565,0.300839,0.300207,0.300633,0.300007,0.299896,0.299979,0.30034,0.300809,0.301852,0.302857,0.30239,,0.305022,0.299197,,0.299804,0.299927,0.300426,0.301174,0.301042,0.302082
MSFC,rzsm,"[1950, 2014]",ssp245,0.8,,0.307261,0.308033,,0.30843,0.308553,0.308916,0.307896,0.307875,0.307483,0.307562,0.307041,0.307077,0.306961,0.307226,0.308026,0.309064,0.30999,0.309182,,0.313546,0.307028,,0.30771,0.307349,0.307345,0.308493,0.308416,0.308968
MSFC,rzsm,"[1950, 2014]",ssp245,0.9,,0.315983,0.316505,,0.318124,0.317687,0.318337,0.317202,0.31691,0.316714,0.316555,0.315796,0.316555,0.316372,0.31622,0.317217,0.317794,0.318439,0.317573,,0.323879,0.316294,,0.316636,0.31693,0.316179,0.317674,0.31758,0.318128
MSFC,rzsm,"[1950, 2014]",ssp245,0.95,,0.323227,0.323605,,0.325906,0.324894,0.326252,0.32481,0.32461,0.324268,0.324384,0.322883,0.324212,0.323632,0.323748,0.324341,0.324647,0.324958,0.324542,,0.331613,0.323817,,0.324389,0.324771,0.323262,0.325269,0.325419,0.325706
MSFC,rzsm,"[1950, 2014]",ssp245,0.98,,0.33157,0.3322168,,0.33442760000000005,0.3332636,0.3352894,0.3331188,0.3327654,0.33407,0.33325520000000003,0.3309314,0.3324642,0.3317202,0.3320018,0.3332084,0.33257440000000005,0.3318998,0.3329724,,0.339283,0.3322042,,0.332888,0.3337314,0.3316884,0.33323420000000004,0.33373820000000004,0.3350144
MSFC,rzsm,"[1981, 2020]",ssp245,0.02,,0.1699106,0.16508142,,0.18449066,0.18585266,0.21548444,0.18413510000000002,0.18361460000000002,0.1771345,0.17604426,0.2028196,0.1772569,0.18146042,0.17566178000000002,0.18330718000000001,0.17290206,0.16895204,0.17531178,,0.21098576,0.18722618,,0.19418012,0.19038312000000002,0.1850789,0.19263818000000002,0.18875139999999999,0.19421546
MSFC,rzsm,"[1981, 2020]",ssp245,0.05,,0.19270245000000003,0.18407545,,0.20351965,0.2057517,0.23166475,0.21040319999999998,0.2095894,0.20411075,0.20168585,0.22130895,0.20220825,0.20718955,0.2024183,0.20817425,0.1991387,0.1904418,0.2035461,,0.22720155,0.2056112,,0.21508525,0.21112345000000002,0.20348345,0.2094169,0.20633735,0.2161445
MSFC,rzsm,"[1981, 2020]",ssp245,0.1,,0.21876120000000002,0.2106871,,0.22010079999999999,0.22099069999999998,0.2442172,0.2296036,0.2298722,0.2246504,0.2199702,0.2388186,0.2261236,0.2300141,0.22230060000000001,0.2273975,0.22210280000000002,0.2144983,0.22741640000000002,,0.2418077,0.2234699,,0.2304011,0.2287161,0.2220674,0.2265391,0.22452640000000001,0.233273
MSFC,rzsm,"[1981, 2020]",ssp245,0.2,,0.2467386,0.24017860000000002,,0.24187360000000002,0.24054740000000002,0.261676,0.2505506,0.2518258,0.2486728,0.2458604,0.2572602,0.2489448,0.25185939999999996,0.24452959999999999,0.2483848,0.245975,0.2415784,0.2537828,,0.258058,0.2441346,,0.2506378,0.24937879999999998,0.2460864,0.24679579999999998,0.2478118,0.2520614
MSFC,rzsm,"[1981, 2020]",ssp245,0.3,,0.2638273,0.26131499999999996,,0.2572337,0.256902,0.272289,0.2644337,0.266347,0.2638064,0.2636698,0.2686169,0.2640323,0.2656469,0.2613764,0.2630363,0.261663,0.2598925,0.2678931,,0.2692807,0.2588815,,0.2644105,0.2632567,0.261639,0.26167650000000003,0.2626195,0.2656347
MSFC,rzsm,"[1981, 2020]",ssp245,0.7,,0.2998971,0.3001415,,0.29823130000000003,0.3003376,0.3018908,0.301874,0.3014679,0.299176,0.3019876,0.3005828,0.2998558,0.2999739,0.3001416,0.301257,0.3004119,0.3026313,0.302564,,0.3041868,0.2986839,,0.3006583,0.2991536,0.299916,0.3013641,0.3003705,0.3010003
MSFC,rzsm,"[1981, 2020]",ssp245,0.8,,0.306331,0.3069826,,0.30602820000000003,0.30814959999999997,0.3093058,0.3091512,0.30811839999999996,0.3068432,0.30858440000000004,0.3075992,0.3071886,0.3071752,0.3072684,0.3085314,0.3082918,0.3093486,0.3093866,,0.3128106,0.30649980000000004,,0.30815800000000004,0.3064358,0.3067882,0.3088234,0.3077902,0.3082308
MSFC,rzsm,"[1981, 2020]",ssp245,0.9,,0.31532820000000006,0.3154313,,0.3153551,0.3171684,0.3193859,0.3187607,0.3167929,0.3164137,0.3172937,0.31635209999999997,0.3165082,0.3164741,0.3166801,0.3182464,0.31720770000000004,0.3176474,0.3177952,,0.32329,0.315674,,0.31692980000000004,0.31618500000000005,0.315801,0.31803329999999996,0.31753570000000003,0.3180391
MSFC,rzsm,"[1981, 2020]",ssp245,0.95,,0.3228682,0.32258715,,0.32299425,0.3242933,0.3278024,0.32660009999999995,0.32418854999999996,0.32417834999999995,0.32541865,0.32369149999999997,0.32434634999999995,0.32376665,0.32466565000000003,0.3257444,0.32445275,0.3242681,0.3247169,,0.3313908,0.32309485,,0.32446254999999996,0.3240762,0.32277374999999997,0.32552729999999996,0.32561025,0.32560844999999994
MSFC,rzsm,"[1981, 2020]",ssp245,0.98,,0.33146351999999996,0.33171858000000004,,0.33131346,0.33254046,0.33715142,0.33536009999999994,0.33218233999999996,0.3339504,0.33386756,0.33187384,0.33275366,0.33192138,0.3327771,0.33519358,0.33286268,0.33110514,0.33257538,,0.33904449999999997,0.33098326,,0.33303488,0.33300858,0.33122744,0.33326668,0.33375982,0.33461264
SSC,rzsm,"[1950, 2014]",ssp245,0.02,,0.2624846,0.2503076,,0.25213379999999996,0.247834,0.273362,0.256971,0.2568358,0.2675156,0.2589548,0.2558746,0.2624448,0.2649394,0.2482126,0.2603636,0.2437204,0.2391406,0.2260204,,0.2641968,0.2549058,,0.23377440000000002,0.236023,0.26139439999999997,0.25309539999999997,0.2566304,0.268033
SSC,rzsm,"[1950, 2014]",ssp245,0.05,,0.276201,0.266123,,0.270755,0.264924,0.286159,0.270189,0.272514,0.281231,0.274479,0.273027,0.276623,0.279599,0.271431,0.275546,0.261147,0.258489,0.257913,,0.274892,0.26981,,0.251004,0.25763,0.274363,0.2705,0.272166,0.280704
SSC,rzsm,"[1950, 2014]",ssp245,0.1,,0.290802,0.280494,,0.284583,0.280861,0.296805,0.284443,0.286675,0.293634,0.286625,0.285859,0.288847,0.292039,0.28617,0.28963,0.274124,0.277571,0.276121,,0.286539,0.282072,,0.270303,0.27452,0.288415,0.283966,0.286658,0.29419
SSC,rzsm,"[1950, 2014]",ssp245,0.2,,0.309308,0.298272,,0.301788,0.29945,0.311078,0.301728,0.305696,0.31113,0.303374,0.303826,0.305487,0.307711,0.303485,0.306249,0.292923,0.301656,0.298076,,0.303744,0.298512,,0.292968,0.29601,0.304957,0.302357,0.304638,0.309344
SSC,rzsm,"[1950, 2014]",ssp245,0.3,,0.322047,0.312847,,0.314882,0.313813,0.32143,0.314024,0.318581,0.322305,0.316174,0.316799,0.318306,0.320107,0.316433,0.318911,0.307826,0.317057,0.314178,,0.317272,0.311804,,0.308527,0.311139,0.317158,0.314823,0.317128,0.320403
SSC,rzsm,"[1950, 2014]",ssp245,0.7,,0.353682,0.351633,,0.352513,0.353128,0.354396,0.350527,0.353739,0.354493,0.352593,0.351761,0.353765,0.35394,0.352555,0.353555,0.349351,0.354493,0.354648,,0.350869,0.351049,,0.351778,0.353336,0.35295,0.352953,0.353369,0.354868
SSC,rzsm,"[1950, 2014]",ssp245,0.8,,0.361033,0.360434,,0.361278,0.361141,0.362887,0.360019,0.361824,0.361934,0.361251,0.359948,0.361817,0.361552,0.36059,0.361478,0.35866,0.362851,0.363222,,0.359094,0.360481,,0.361848,0.362559,0.361247,0.361303,0.361363,0.363183
SSC,rzsm,"[1950, 2014]",ssp245,0.9,,0.370596,0.371021,,0.371678,0.371313,0.373387,0.370802,0.372333,0.371322,0.371933,0.370168,0.372076,0.371269,0.370758,0.37131,0.369397,0.373574,0.37366,,0.369067,0.371259,,0.374121,0.373063,0.37193,0.371969,0.371661,0.373417
SSC,rzsm,"[1950, 2014]",ssp245,0.95,,0.378203,0.379759,,0.380401,0.379444,0.381647,0.37919,0.380609,0.379358,0.380179,0.378648,0.379856,0.378459,0.379337,0.379294,0.377134,0.381807,0.382206,,0.37686,0.37939,,0.383431,0.380572,0.380413,0.380343,0.379834,0.381966
SSC,rzsm,"[1950, 2014]",ssp245,0.98,,0.38611900000000005,0.389511,,0.38925580000000004,0.3894514,0.39067240000000003,0.3892122,0.38958780000000004,0.38877900000000004,0.3890394,0.38796820000000004,0.3886546,0.386002,0.3881486,0.38782320000000003,0.3858204,0.39010880000000003,0.391107,,0.3852156,0.38809780000000005,,0.3921332,0.3881572,0.38922120000000004,0.3894512,0.38863320000000007,0.3914086
SSC,rzsm,"[1981, 2020]",ssp245,0.02,,0.25826606,0.24873408,,0.25123428,0.24350794,0.27631046000000004,0.25310288000000003,0.26306461999999997,0.26485719999999996,0.27266314,0.2649957,0.25221296,0.25474872,0.2576789,0.2613767,0.24374688,0.2333006,0.22485506,,0.25281524,0.25094552000000003,,0.23142468,0.25075818,0.26065076000000004,0.25067252,0.25386622000000003,0.25373152
SSC,rzsm,"[1981, 2020]",ssp245,0.05,,0.27171270000000003,0.2662912,,0.2698321,0.26154774999999997,0.2885794,0.2686214,0.27652515,0.27796550000000003,0.28326915,0.27730315,0.27158305,0.27476225,0.27463845000000003,0.27553315,0.25710735,0.250324,0.2547684,,0.26738215,0.2647971,,0.2493663,0.26447995,0.27027490000000004,0.26778270000000004,0.2709876,0.26710335
SSC,rzsm,"[1981, 2020]",ssp245,0.1,,0.2883015,0.2796508,,0.28432690000000005,0.2780296,0.2988768,0.2839929,0.29141249999999996,0.2906758,0.29431029999999997,0.2895089,0.28571219999999997,0.28931710000000005,0.28763489999999997,0.289665,0.2711508,0.266515,0.2729616,,0.28058839999999996,0.276737,,0.2703103,0.2793899,0.2841396,0.2797775,0.28783329999999996,0.2817462
SSC,rzsm,"[1981, 2020]",ssp245,0.2,,0.3075136,0.2964616,,0.3011334,0.297443,0.3124824,0.3024432,0.30909559999999997,0.3088486,0.3098746,0.3060772,0.3029328,0.3052414,0.30327560000000003,0.306429,0.28788559999999996,0.2895808,0.2948736,,0.2973772,0.2933586,,0.2934116,0.2981252,0.301647,0.29758419999999997,0.3055732,0.299556
SSC,rzsm,"[1981, 2020]",ssp245,0.3,,0.32085759999999997,0.3105367,,0.313513,0.31131179999999997,0.3223601,0.3156861,0.32106880000000004,0.3209801,0.3207452,0.3181217,0.3163702,0.3179404,0.314434,0.3193437,0.3026861,0.30802219999999997,0.3098644,,0.3135597,0.3059035,,0.3096404,0.31284680000000004,0.31433880000000003,0.3105375,0.3176884,0.311697
SSC,rzsm,"[1981, 2020]",ssp245,0.7,,0.35293379999999996,0.3508429,,0.3508648,0.3523103,0.3553595,0.3534567,0.35359689999999994,0.3537238,0.354821,0.35335849999999996,0.3528536,0.3530933,0.352664,0.3541027,0.3472208,0.3514393,0.3512524,,0.34921209999999997,0.3498063,,0.3518338,0.3538372,0.35109830000000003,0.3500684,0.35377519999999996,0.351537
SSC,rzsm,"[1981, 2020]",ssp245,0.8,,0.36033319999999996,0.359711,,0.3594716,0.3602704,0.36364060000000004,0.3624606,0.3615012,0.3610136,0.36311780000000005,0.3612464,0.3610376,0.360581,0.3615312,0.3618224,0.357351,0.360587,0.3610126,,0.3576454,0.36006520000000003,,0.3618006,0.3626766,0.3591622,0.3596314,0.36214660000000004,0.36016940000000003
SSC,rzsm,"[1981, 2020]",ssp245,0.9,,0.36999550000000003,0.3706975,,0.3703163,0.37065200000000004,0.37444170000000004,0.3729386,0.37257470000000004,0.3702642,0.3730642,0.3713886,0.3716858,0.3710003,0.3717723,0.3717942,0.36930670000000004,0.3715695,0.3729862,,0.3673073,0.370703,,0.37341880000000005,0.3727904,0.3697992,0.3706464,0.3728413,0.371051
SSC,rzsm,"[1981, 2020]",ssp245,0.95,,0.37761525,0.37929735,,0.37947775,0.37887434999999997,0.3827482,0.3813389,0.3807831,0.37824169999999996,0.38108495,0.3794093,0.38000779999999995,0.37857440000000003,0.38039985,0.38000164999999997,0.3778094,0.38039364999999997,0.38211885,,0.37538675,0.37896409999999997,,0.3828311,0.3804671,0.37880084999999997,0.3788351,0.38083265,0.37949555
SSC,rzsm,"[1981, 2020]",ssp245,0.98,,0.38481868,0.3892391,,0.38879256,0.38942741999999997,0.39188175999999997,0.39126745999999996,0.38972874,0.38763274,0.38992862,0.38880628,0.38892432,0.3862884,0.38913381999999996,0.38880114,0.3860526,0.3899218,0.39035152,,0.38392692,0.38795858,,0.39143110000000003,0.388291,0.38768182,0.38766712000000003,0.3896804,0.38944678
WFF,rzsm,"[1950, 2014]",ssp245,0.02,,0.2551044,0.254287,,0.2536234,0.25367,0.2571568,0.2525192,0.253631,0.253483,0.2549318,0.25800280000000003,0.2554632,0.2575,0.254356,0.255714,0.25477279999999997,0.25434,0.25408379999999997,,0.258137,0.2587352,,0.25370960000000004,0.2563294,0.2566106,0.2562778,0.25546019999999997,0.2547606
WFF,rzsm,"[1950, 2014]",ssp245,0.05,,0.260059,0.259289,,0.259096,0.258861,0.261947,0.258368,0.259085,0.258699,0.259968,0.262354,0.261138,0.262583,0.259612,0.260314,0.260437,0.260246,0.259549,,0.26242,0.263122,,0.25864,0.260938,0.261714,0.261797,0.260764,0.260466
WFF,rzsm,"[1950, 2014]",ssp245,0.1,,0.265269,0.264269,,0.264025,0.263712,0.267025,0.263955,0.264764,0.264372,0.265007,0.266619,0.26636,0.267468,0.264967,0.264989,0.265867,0.265528,0.264967,,0.267113,0.267745,,0.263953,0.265257,0.266569,0.266279,0.265806,0.265944
WFF,rzsm,"[1950, 2014]",ssp245,0.2,,0.272492,0.271269,,0.271187,0.270687,0.2738,0.271631,0.272288,0.272016,0.271921,0.273008,0.273168,0.274054,0.272382,0.271983,0.273219,0.272462,0.272398,,0.273977,0.273794,,0.271724,0.271553,0.273035,0.272891,0.272366,0.273269
WFF,rzsm,"[1950, 2014]",ssp245,0.3,,0.278083,0.277013,,0.276981,0.276877,0.279031,0.277546,0.278191,0.277966,0.277869,0.278303,0.278579,0.279206,0.27798,0.277557,0.278999,0.278322,0.278149,,0.279316,0.278624,,0.277485,0.276922,0.278206,0.278128,0.277815,0.278913
WFF,rzsm,"[1950, 2014]",ssp245,0.7,,0.29667,0.296748,,0.29698,0.297444,0.297496,0.296921,0.297493,0.297478,0.297671,0.296712,0.296245,0.296044,0.297036,0.297197,0.297726,0.297657,0.297176,,0.294849,0.296441,,0.297539,0.296551,0.296302,0.29734,0.297037,0.297095
WFF,rzsm,"[1950, 2014]",ssp245,0.8,,0.301535,0.3021,,0.30283,0.3025,0.302958,0.302213,0.302711,0.302907,0.302912,0.301829,0.301526,0.301215,0.302403,0.302743,0.303037,0.302775,0.302731,,0.299144,0.302079,,0.302912,0.301809,0.301645,0.302354,0.302498,0.302413
WFF,rzsm,"[1950, 2014]",ssp245,0.9,,0.30837,0.309268,,0.31058,0.309773,0.310465,0.309662,0.309915,0.310596,0.309863,0.308988,0.308958,0.308164,0.309927,0.309872,0.31016,0.309791,0.310075,,0.305404,0.309598,,0.310339,0.309552,0.309106,0.309076,0.30989,0.310011
WFF,rzsm,"[1950, 2014]",ssp245,0.95,,0.314338,0.314755,,0.316851,0.315695,0.316597,0.316017,0.31602,0.317278,0.315945,0.314644,0.315551,0.313947,0.315839,0.315687,0.315861,0.31576,0.315928,,0.311247,0.315974,,0.316771,0.315852,0.315148,0.314977,0.316164,0.316064
WFF,rzsm,"[1950, 2014]",ssp245,0.98,,0.3208874,0.3218142,,0.3241052,0.3230326,0.3242836,0.3231308,0.3228742,0.32518620000000004,0.3232708,0.32176340000000003,0.3231962,0.3207234,0.3231006,0.3221366,0.3224056,0.32276780000000005,0.3227592,,0.31805100000000003,0.3228858,,0.3243398,0.3233556,0.3221114,0.3213576,0.3234172,0.3235694
WFF,rzsm,"[1981, 2020]",ssp245,0.02,,0.25540374,0.2540506,,0.25616794,0.25395133999999997,0.25886078,0.25339512,0.25214472,0.25269154,0.2562608,0.25662144000000003,0.25555459999999997,0.25737978,0.25426226,0.25623418000000003,0.25105016,0.25459932,0.25434934,,0.25689672,0.25754326,,0.25202,0.2534812,0.25410914,0.2542418,0.25464472,0.25765514
WFF,rzsm,"[1981, 2020]",ssp245,0.05,,0.26038925,0.25914635,,0.2609179,0.2589909,0.26366670000000003,0.25944895,0.25752759999999997,0.25834315,0.2609006,0.26114935,0.2606712,0.2620613,0.2589531,0.26060479999999997,0.25614945,0.2605249,0.26075695,,0.260914,0.26209945,,0.25752125,0.2592051,0.25910835,0.26082225,0.25980359999999997,0.2625137
WFF,rzsm,"[1981, 2020]",ssp245,0.1,,0.2652588,0.2639609,,0.2655228,0.2636628,0.2686053,0.2645717,0.26339039999999997,0.26404910000000004,0.2662014,0.2657895,0.26543510000000003,0.266585,0.2642489,0.2651216,0.2619824,0.26586,0.2661926,,0.2656929,0.2667231,,0.2631454,0.2640888,0.2647757,0.2653819,0.2650728,0.2677217
WFF,rzsm,"[1981, 2020]",ssp245,0.2,,0.2726982,0.2708888,,0.272426,0.2703458,0.2753132,0.2727716,0.2713334,0.271981,0.27338619999999997,0.27205860000000004,0.27206559999999996,0.27295739999999996,0.27168780000000003,0.2720268,0.26960419999999996,0.2727486,0.273283,,0.2724002,0.27273539999999996,,0.2712138,0.2709298,0.2718668,0.2719728,0.2721876,0.274572
WFF,rzsm,"[1981, 2020]",ssp245,0.3,,0.2781327,0.276698,,0.2779722,0.27625649999999996,0.28016789999999997,0.2789184,0.27755759999999996,0.2781055,0.2790152,0.2774631,0.2776418,0.2783891,0.2773098,0.27747869999999997,0.2756937,0.2783807,0.278827,,0.27777,0.2773541,,0.27691,0.2765894,0.277437,0.2774871,0.2779052,0.27988080000000004
WFF,rzsm,"[1981, 2020]",ssp245,0.7,,0.29678930000000003,0.2965669,,0.2968923,0.2964006,0.2975746,0.298331,0.2982353,0.2975913,0.298504,0.29686660000000004,0.296547,0.2964868,0.29695530000000003,0.2972473,0.2961835,0.29664830000000003,0.297655,,0.2940396,0.29538,,0.2968623,0.29684360000000004,0.2966642,0.2970723,0.2966279,0.29733760000000004
WFF,rzsm,"[1981, 2020]",ssp245,0.8,,0.301814,0.3019856,,0.3025388,0.301825,0.3029392,0.303818,0.303363,0.3034262,0.30375,0.3021684,0.30196280000000003,0.30174480000000004,0.3025684,0.302695,0.3019012,0.30202660000000003,0.303092,,0.29834120000000003,0.3011972,,0.3024142,0.3021686,0.302476,0.302516,0.3020068,0.30247060000000003
WFF,rzsm,"[1981, 2020]",ssp245,0.9,,0.3086082,0.3092706,,0.3100041,0.3095591,0.3106353,0.3117414,0.31049340000000003,0.3112318,0.3107626,0.3095876,0.309279,0.308359,0.3105697,0.3097421,0.3093151,0.3092666,0.31032,,0.3047767,0.309079,,0.3100502,0.30986800000000003,0.3100405,0.3094369,0.30932190000000004,0.310116
WFF,rzsm,"[1981, 2020]",ssp245,0.95,,0.31475355,0.31479765,,0.31590505,0.31585749999999996,0.31662334999999997,0.31816554999999996,0.31680115,0.31777995,0.3169025,0.31519854999999997,0.3158983,0.3142122,0.3173052,0.31504154999999995,0.3151845,0.31537965,0.31638355,,0.31065195,0.315744,,0.3162584,0.3160801,0.31596175,0.3152991,0.3157062,0.3162725
WFF,rzsm,"[1981, 2020]",ssp245,0.98,,0.32088864,0.32182721999999997,,0.32344162,0.32268556,0.32435546,0.3254807,0.32445242,0.32587866,0.32423392,0.32206197999999997,0.32312656,0.32071758,0.3245711,0.32183022,0.32198248,0.3227256,0.32305281999999996,,0.31719282,0.3227974,,0.32375693999999994,0.32411864,0.3230675,0.3217944,0.3230772,0.32406028
WSTF,rzsm,"[1950, 2014]",ssp245,0.02,,0.103686,0.1077828,,0.1079426,0.106504,0.0978836,0.104694,0.1004548,0.1044006,0.104143,0.1085532,0.1057672,0.10466539999999999,0.1056706,0.1062698,0.1082814,0.1023574,0.1048176,,0.1032654,0.0982356,,0.1047458,0.102517,0.107358,0.1037836,0.1047124,0.09698280000000001
WSTF,rzsm,"[1950, 2014]",ssp245,0.05,,0.108032,0.111542,,0.112632,0.110576,0.102191,0.110867,0.105311,0.10889,0.108989,0.112252,0.110645,0.109056,0.110374,0.1111,0.112435,0.108611,0.109532,,0.106372,0.106715,,0.10852,0.106494,0.112214,0.109438,0.108741,0.10056
WSTF,rzsm,"[1950, 2014]",ssp245,0.1,,0.112397,0.116347,,0.117478,0.116059,0.106888,0.115734,0.111495,0.112902,0.114725,0.116554,0.115508,0.114071,0.115918,0.115803,0.117439,0.11384,0.114636,,0.109403,0.112438,,0.11232,0.112761,0.117277,0.113883,0.113464,0.10428
WSTF,rzsm,"[1950, 2014]",ssp245,0.2,,0.119385,0.123576,,0.125166,0.123591,0.113573,0.123168,0.120725,0.121288,0.122753,0.122578,0.122746,0.12198,0.123853,0.122407,0.125097,0.121084,0.121767,,0.114755,0.120226,,0.118743,0.121835,0.124825,0.120777,0.120357,0.111757
WSTF,rzsm,"[1950, 2014]",ssp245,0.3,,0.125399,0.130104,,0.131316,0.130077,0.119159,0.128767,0.12821,0.127888,0.128934,0.127315,0.130386,0.129113,0.130648,0.128014,0.131318,0.127515,0.128109,,0.12012,0.127128,,0.125948,0.128651,0.130533,0.127055,0.126692,0.117369
WSTF,rzsm,"[1950, 2014]",ssp245,0.7,,0.155648,0.153815,,0.155413,0.154592,0.144951,0.154359,0.158715,0.158846,0.157111,0.148967,0.158221,0.154076,0.158595,0.152709,0.155373,0.15303,0.150874,,0.14311,0.154189,,0.157286,0.157482,0.15553,0.152086,0.155164,0.148067
WSTF,rzsm,"[1950, 2014]",ssp245,0.8,,0.164139,0.164541,,0.16375,0.164472,0.155953,0.164001,0.169335,0.169427,0.168339,0.156153,0.166473,0.161202,0.168839,0.160942,0.162999,0.162721,0.159711,,0.149956,0.163001,,0.170095,0.167299,0.164406,0.160922,0.1654,0.157093
WSTF,rzsm,"[1950, 2014]",ssp245,0.9,,0.178364,0.178353,,0.175936,0.178799,0.170947,0.176281,0.182441,0.183969,0.182546,0.16667,0.17877,0.171932,0.182144,0.172505,0.172881,0.178213,0.171657,,0.164329,0.177413,,0.184123,0.180934,0.177857,0.174304,0.178628,0.17146
WSTF,rzsm,"[1950, 2014]",ssp245,0.95,,0.191188,0.190161,,0.186521,0.189386,0.183328,0.187905,0.192269,0.195108,0.194906,0.175508,0.18999,0.181351,0.192383,0.182904,0.182982,0.191333,0.185194,,0.176898,0.190785,,0.196322,0.190767,0.187234,0.184597,0.188747,0.183643
WSTF,rzsm,"[1950, 2014]",ssp245,0.98,,0.207501,0.20262600000000003,,0.19952700000000004,0.2005672,0.19561,0.1997226,0.2078766,0.21329540000000005,0.2072566,0.187026,0.20176220000000003,0.19289820000000005,0.20437740000000001,0.19491900000000012,0.19667740000000006,0.20669740000000003,0.20417300000000002,,0.1973456,0.202387,,0.20966,0.2018082,0.1978762,0.19503620000000002,0.20069240000000002,0.19400920000000002
WSTF,rzsm,"[1981, 2020]",ssp245,0.02,,0.10144101999999999,0.10771626000000001,,0.10502618,0.10623777999999999,0.09775144000000001,0.10843578,0.1031667,0.10488998,0.10514267999999999,0.10935871999999999,0.10566669999999999,0.10417722,0.10701574,0.10730852,0.10697008,0.1018558,0.10331122,,0.1034089,0.09172598,,0.10365171999999999,0.10303526,0.10575179999999999,0.10220246,0.10141454,0.09686578
WSTF,rzsm,"[1981, 2020]",ssp245,0.05,,0.1061246,0.1117938,,0.1109825,0.10960525,0.10305834999999999,0.11277375,0.10846135,0.10924695000000001,0.1087106,0.1131379,0.11047459999999999,0.10873925000000001,0.1119077,0.1117663,0.11165035,0.10776625000000001,0.10831,,0.10730005,0.10071904999999999,,0.1076254,0.10740895,0.11034379999999999,0.1083208,0.1063967,0.10062625
WSTF,rzsm,"[1981, 2020]",ssp245,0.1,,0.1113137,0.11710870000000001,,0.1166687,0.11479030000000001,0.1076455,0.117164,0.1143699,0.1131156,0.1143715,0.1174536,0.1156599,0.1140334,0.1178698,0.1156951,0.1162278,0.1124986,0.1141888,,0.1103307,0.1088079,,0.1116366,0.1131705,0.11528870000000001,0.11387620000000001,0.1119591,0.10574370000000001
WSTF,rzsm,"[1981, 2020]",ssp245,0.2,,0.11921520000000001,0.1232408,,0.1251642,0.12161380000000001,0.1137016,0.1241426,0.12258279999999999,0.120687,0.1212684,0.1232032,0.1239788,0.12349579999999999,0.1249348,0.1223442,0.12373440000000001,0.1200098,0.1215152,,0.1159058,0.11898679999999999,,0.119067,0.1220284,0.122189,0.12136279999999999,0.11916120000000001,0.1139576
WSTF,rzsm,"[1981, 2020]",ssp245,0.3,,0.125509,0.1287033,,0.1309947,0.12765769999999999,0.1190296,0.1291385,0.1289851,0.1270657,0.127828,0.1283642,0.1314804,0.130368,0.1314512,0.1281187,0.13032,0.1270021,0.1281417,,0.12075949999999999,0.126912,,0.1276261,0.129532,0.1283097,0.1271515,0.12573979999999998,0.1206158
WSTF,rzsm,"[1981, 2020]",ssp245,0.7,,0.1598346,0.151984,,0.1559266,0.1540846,0.1450852,0.1545849,0.15568189999999998,0.16012949999999998,0.1579719,0.1489384,0.1597137,0.1553858,0.155313,0.151363,0.15398430000000002,0.151893,0.1502672,,0.1435089,0.15279230000000002,,0.1621362,0.1592332,0.1564633,0.15311139999999998,0.1559433,0.1514109
WSTF,rzsm,"[1981, 2020]",ssp245,0.8,,0.1686184,0.1625682,,0.16339620000000002,0.1632142,0.15629400000000004,0.1636368,0.16509659999999998,0.170142,0.168431,0.15570960000000003,0.168138,0.16355740000000002,0.16405740000000002,0.159441,0.1621288,0.1595722,0.1598236,,0.1509292,0.16248359999999998,,0.1719622,0.16788560000000002,0.1645546,0.1616852,0.16586080000000003,0.1610454
WSTF,rzsm,"[1981, 2020]",ssp245,0.9,,0.1825861,0.1782591,,0.1753693,0.1759408,0.1716359,0.1751962,0.1783662,0.18323730000000002,0.182811,0.1668773,0.1807066,0.1752641,0.1782541,0.17204540000000001,0.1723512,0.171852,0.1726696,,0.1642977,0.1770411,,0.1841752,0.1813796,0.17693840000000002,0.17530730000000003,0.17838560000000003,0.1756978
WSTF,rzsm,"[1981, 2020]",ssp245,0.95,,0.19433775,0.1901973,,0.1871512,0.18636049999999998,0.18520884999999998,0.1837032,0.18832399999999996,0.19566249999999996,0.19380835,0.1771626,0.19083485,0.18315039999999996,0.18868824999999997,0.18522024999999998,0.18372965,0.18122264999999999,0.18734464999999997,,0.17747384999999996,0.19202545,,0.19611954999999998,0.19191209999999997,0.18701484999999998,0.18541915,0.19331764999999998,0.18744465
WSTF,rzsm,"[1981, 2020]",ssp245,0.98,,0.20513687999999997,0.20371994,,0.20068522,0.1983811,0.20129351999999995,0.19657858,0.2033718,0.21361544,0.20798248,0.18893648,0.20437776,0.19597197999999996,0.19937159999999998,0.19486469999999997,0.20007702,0.19545807999999998,0.20428917999999996,,0.19847207999999997,0.20480263999999998,,0.21022243999999998,0.20324185999999997,0.1973733,0.19614381999999997,0.20859976,0.19795082
