years,ACCESS-CM2,ACCESS-ESM1-5,BCC-CSM2-MR,CESM2,CMCC-ESM2,CNRM-CM6-1,CNRM-ESM2-1,EC-Earth3,FGOALS-g3,GFDL-ESM4,GISS-E2-1-G,INM-CM4-8,INM-CM5-0,IPSL-CM6A-LR,KACE-1-0-G,MIROC6,MIROC-ES2L,MPI-ESM1-2-HR,MPI-ESM1-2-LR,MRI-ESM2-0,NorESM2-LM,NorESM2-MM,mme-mean,mme-median,mme-pct25,mme-pct75
1950.0,27.0,10.0,25.0,nan,19.0,19.0,17.0,22.0,13.0,46.0,29.0,44.0,26.0,12.0,31.0,17.0,35.0,15.0,9.0,13.0,27.0,25.0,22.904761904761905,22.0,15.0,27.0
1951.0,21.0,12.0,42.0,nan,12.0,14.0,10.0,15.0,13.0,48.0,33.0,5.0,35.0,21.0,7.0,22.0,7.0,31.0,17.0,54.0,24.0,20.0,22.047619047619047,20.0,12.0,31.0
1952.0,17.0,24.0,34.0,nan,36.0,64.0,47.0,23.0,32.0,36.0,41.0,23.0,27.0,25.0,14.0,20.0,28.0,34.0,25.0,22.0,19.0,23.0,29.238095238095237,25.0,23.0,34.0
1953.0,28.0,35.0,29.0,nan,7.0,34.0,19.0,9.0,31.0,18.0,9.0,53.0,50.0,21.0,37.0,13.0,25.0,15.0,23.0,34.0,19.0,35.0,25.904761904761905,25.0,18.0,34.0
1954.0,25.0,24.0,22.0,nan,14.0,13.0,15.0,53.0,29.0,16.0,39.0,15.0,32.0,37.0,36.0,20.0,19.0,59.0,18.0,35.0,12.0,21.0,26.38095238095238,22.0,16.0,35.0
1955.0,37.0,38.0,31.0,nan,9.0,18.0,24.0,49.0,14.0,49.0,13.0,15.0,53.0,8.0,12.0,18.0,38.0,25.0,18.0,23.0,27.0,25.0,25.904761904761905,24.0,15.0,37.0
1956.0,32.0,29.0,25.0,nan,16.0,29.0,24.0,34.0,27.0,53.0,29.0,19.0,12.0,11.0,18.0,29.0,23.0,40.0,25.0,33.0,30.0,39.0,27.476190476190474,29.0,23.0,32.0
1957.0,31.0,22.0,35.0,nan,47.0,24.0,12.0,40.0,26.0,49.0,30.0,20.0,8.0,12.0,45.0,29.0,57.0,34.0,15.0,57.0,24.0,24.0,30.523809523809526,29.0,22.0,40.0
1958.0,39.0,37.0,29.0,nan,30.0,14.0,40.0,28.0,24.0,21.0,16.0,29.0,25.0,4.0,18.0,30.0,38.0,9.0,15.0,34.0,18.0,15.0,24.428571428571427,25.0,16.0,30.0
1959.0,13.0,13.0,25.0,nan,23.0,16.0,3.0,50.0,28.0,27.0,30.0,51.0,46.0,22.0,9.0,19.0,17.0,23.0,15.0,20.0,33.0,9.0,23.428571428571427,22.0,15.0,28.0
1960.0,27.0,10.0,21.0,nan,13.0,17.0,15.0,33.0,26.0,22.0,34.0,20.0,59.0,22.0,16.0,46.0,18.0,37.0,17.0,29.0,42.0,12.0,25.523809523809526,22.0,17.0,33.0
1961.0,51.0,5.0,38.0,nan,25.0,45.0,11.0,36.0,36.0,28.0,30.0,39.0,29.0,6.0,22.0,26.0,44.0,16.0,25.0,34.0,31.0,35.0,29.142857142857142,30.0,25.0,36.0
1962.0,31.0,30.0,38.0,nan,23.0,14.0,25.0,7.0,19.0,27.0,10.0,17.0,37.0,18.0,17.0,38.0,17.0,25.0,25.0,28.0,18.0,31.0,23.571428571428573,25.0,17.0,30.0
1963.0,27.0,23.0,28.0,nan,15.0,10.0,2.0,24.0,17.0,20.0,15.0,14.0,18.0,13.0,21.0,42.0,13.0,16.0,24.0,22.0,41.0,24.0,20.428571428571427,20.0,15.0,24.0
1964.0,7.0,40.0,27.0,nan,14.0,13.0,14.0,10.0,15.0,19.0,41.0,19.0,29.0,19.0,15.0,23.0,24.0,11.0,8.0,34.0,7.0,38.0,20.333333333333332,19.0,13.0,27.0
1965.0,17.0,7.0,43.0,nan,17.0,14.0,27.0,21.0,25.0,18.0,27.0,18.0,25.0,20.0,28.0,21.0,15.0,18.0,30.0,14.0,39.0,23.0,22.238095238095237,21.0,17.0,27.0
1966.0,16.0,13.0,26.0,nan,6.0,2.0,13.0,17.0,14.0,29.0,17.0,10.0,27.0,11.0,24.0,22.0,27.0,46.0,2.0,24.0,19.0,12.0,17.952380952380953,17.0,12.0,24.0
1967.0,6.0,20.0,36.0,nan,24.0,15.0,22.0,25.0,31.0,11.0,13.0,31.0,27.0,26.0,14.0,19.0,13.0,36.0,24.0,27.0,30.0,23.0,22.523809523809526,24.0,15.0,27.0
1968.0,15.0,27.0,19.0,nan,26.0,10.0,12.0,21.0,18.0,20.0,16.0,16.0,35.0,10.0,8.0,15.0,11.0,39.0,19.0,35.0,7.0,29.0,19.428571428571427,18.0,12.0,26.0
1969.0,15.0,17.0,36.0,nan,9.0,16.0,16.0,6.0,18.0,25.0,40.0,9.0,33.0,12.0,13.0,27.0,15.0,19.0,17.0,23.0,15.0,25.0,19.333333333333332,17.0,15.0,25.0
1970.0,28.0,2.0,39.0,nan,14.0,19.0,18.0,17.0,17.0,18.0,17.0,48.0,40.0,16.0,13.0,8.0,33.0,11.0,16.0,19.0,19.0,31.0,21.095238095238095,18.0,16.0,28.0
1971.0,29.0,32.0,43.0,nan,9.0,21.0,30.0,21.0,40.0,26.0,10.0,25.0,17.0,17.0,33.0,40.0,27.0,30.0,18.0,21.0,10.0,20.0,24.714285714285715,25.0,18.0,30.0
1972.0,17.0,13.0,21.0,nan,32.0,36.0,21.0,29.0,26.0,29.0,29.0,33.0,30.0,4.0,36.0,38.0,25.0,46.0,15.0,20.0,28.0,22.0,26.19047619047619,28.0,21.0,32.0
1973.0,29.0,15.0,38.0,nan,11.0,17.0,14.0,44.0,17.0,40.0,40.0,31.0,41.0,16.0,20.0,22.0,20.0,22.0,12.0,22.0,11.0,32.0,24.476190476190474,22.0,16.0,32.0
1974.0,30.0,13.0,25.0,nan,38.0,10.0,25.0,6.0,26.0,32.0,13.0,28.0,29.0,10.0,18.0,34.0,18.0,15.0,11.0,22.0,25.0,37.0,22.142857142857142,25.0,13.0,29.0
1975.0,24.0,26.0,31.0,nan,1.0,48.0,14.0,43.0,21.0,19.0,13.0,30.0,59.0,24.0,65.0,19.0,38.0,26.0,13.0,28.0,29.0,25.0,28.38095238095238,26.0,19.0,31.0
1976.0,15.0,37.0,18.0,nan,46.0,24.0,7.0,32.0,27.0,45.0,18.0,35.0,1.0,23.0,10.0,16.0,27.0,29.0,11.0,15.0,16.0,41.0,23.476190476190474,23.0,15.0,32.0
1977.0,17.0,32.0,41.0,nan,52.0,27.0,14.0,40.0,35.0,22.0,36.0,50.0,41.0,22.0,47.0,27.0,29.0,15.0,24.0,30.0,18.0,18.0,30.333333333333332,29.0,22.0,40.0
1978.0,49.0,38.0,60.0,nan,24.0,19.0,6.0,38.0,25.0,40.0,40.0,30.0,38.0,17.0,38.0,21.0,28.0,16.0,28.0,36.0,27.0,25.0,30.61904761904762,28.0,24.0,38.0
1979.0,41.0,39.0,25.0,nan,1.0,9.0,30.0,5.0,21.0,23.0,41.0,26.0,13.0,33.0,19.0,29.0,16.0,38.0,10.0,31.0,26.0,44.0,24.761904761904763,26.0,16.0,33.0
1980.0,32.0,14.0,38.0,nan,11.0,22.0,24.0,15.0,30.0,26.0,7.0,28.0,46.0,13.0,25.0,21.0,29.0,36.0,36.0,24.0,20.0,13.0,24.285714285714285,24.0,15.0,30.0
1981.0,46.0,2.0,42.0,nan,15.0,26.0,44.0,12.0,20.0,20.0,33.0,34.0,56.0,5.0,27.0,44.0,48.0,40.0,20.0,30.0,26.0,27.0,29.38095238095238,27.0,20.0,42.0
1982.0,14.0,12.0,23.0,nan,18.0,25.0,33.0,43.0,28.0,24.0,9.0,18.0,33.0,20.0,37.0,26.0,24.0,26.0,27.0,24.0,16.0,18.0,23.714285714285715,24.0,18.0,27.0
1983.0,27.0,47.0,16.0,nan,15.0,16.0,20.0,4.0,16.0,29.0,3.0,19.0,13.0,4.0,16.0,31.0,22.0,4.0,17.0,25.0,43.0,44.0,20.523809523809526,17.0,15.0,27.0
1984.0,40.0,14.0,14.0,nan,26.0,51.0,32.0,21.0,6.0,31.0,25.0,19.0,29.0,39.0,37.0,14.0,12.0,19.0,22.0,21.0,28.0,17.0,24.61904761904762,22.0,17.0,31.0
1985.0,20.0,25.0,27.0,nan,5.0,9.0,36.0,16.0,18.0,25.0,23.0,10.0,22.0,13.0,32.0,26.0,51.0,32.0,41.0,36.0,34.0,22.0,24.904761904761905,25.0,18.0,32.0
1986.0,44.0,22.0,17.0,nan,36.0,35.0,19.0,21.0,23.0,31.0,13.0,30.0,33.0,14.0,31.0,27.0,29.0,16.0,22.0,37.0,23.0,32.0,26.428571428571427,27.0,21.0,32.0
1987.0,3.0,22.0,20.0,nan,26.0,57.0,9.0,14.0,22.0,39.0,13.0,25.0,25.0,19.0,41.0,9.0,33.0,41.0,37.0,32.0,15.0,37.0,25.666666666666668,25.0,15.0,37.0
1988.0,24.0,29.0,43.0,nan,40.0,33.0,35.0,42.0,35.0,25.0,39.0,53.0,21.0,32.0,27.0,36.0,38.0,36.0,42.0,33.0,40.0,40.0,35.38095238095238,36.0,32.0,40.0
1989.0,10.0,16.0,39.0,nan,56.0,28.0,22.0,22.0,27.0,23.0,30.0,31.0,52.0,12.0,33.0,26.0,21.0,22.0,34.0,43.0,38.0,35.0,29.523809523809526,28.0,22.0,35.0
1990.0,32.0,17.0,45.0,nan,38.0,37.0,21.0,40.0,28.0,39.0,16.0,8.0,24.0,46.0,22.0,36.0,52.0,39.0,25.0,39.0,21.0,26.0,31.0,32.0,22.0,39.0
1991.0,34.0,19.0,32.0,nan,27.0,14.0,41.0,15.0,35.0,37.0,48.0,56.0,43.0,9.0,14.0,14.0,41.0,22.0,21.0,25.0,17.0,24.0,28.0,25.0,17.0,37.0
1992.0,23.0,21.0,15.0,nan,6.0,36.0,12.0,3.0,29.0,22.0,15.0,20.0,5.0,18.0,26.0,21.0,13.0,11.0,17.0,21.0,37.0,32.0,19.19047619047619,20.0,13.0,23.0
1993.0,32.0,48.0,24.0,nan,11.0,49.0,25.0,14.0,30.0,23.0,26.0,24.0,14.0,24.0,35.0,38.0,20.0,17.0,23.0,21.0,23.0,49.0,27.142857142857142,24.0,21.0,32.0
1994.0,28.0,36.0,34.0,nan,63.0,38.0,52.0,25.0,25.0,32.0,19.0,24.0,53.0,19.0,50.0,30.0,18.0,13.0,29.0,27.0,62.0,24.0,33.38095238095238,29.0,24.0,38.0
1995.0,22.0,45.0,40.0,nan,25.0,31.0,63.0,11.0,22.0,31.0,43.0,41.0,52.0,24.0,21.0,42.0,28.0,9.0,38.0,42.0,34.0,27.0,32.904761904761905,31.0,24.0,42.0
1996.0,24.0,11.0,37.0,nan,35.0,38.0,17.0,18.0,35.0,16.0,19.0,65.0,30.0,25.0,33.0,24.0,27.0,36.0,20.0,27.0,29.0,28.0,28.285714285714285,27.0,20.0,35.0
1997.0,56.0,50.0,32.0,nan,33.0,30.0,29.0,9.0,25.0,29.0,34.0,34.0,64.0,27.0,31.0,29.0,66.0,60.0,25.0,25.0,21.0,30.0,35.19047619047619,30.0,27.0,34.0
1998.0,21.0,44.0,39.0,nan,40.0,47.0,22.0,40.0,50.0,40.0,44.0,29.0,4.0,49.0,29.0,21.0,46.0,19.0,21.0,38.0,17.0,32.0,32.95238095238095,38.0,21.0,44.0
1999.0,40.0,26.0,30.0,nan,55.0,62.0,43.0,55.0,42.0,25.0,37.0,4.0,58.0,42.0,45.0,37.0,30.0,58.0,25.0,37.0,72.0,23.0,40.285714285714285,40.0,30.0,55.0
2000.0,40.0,22.0,56.0,nan,44.0,40.0,10.0,25.0,32.0,26.0,21.0,34.0,60.0,10.0,42.0,41.0,45.0,22.0,30.0,37.0,39.0,56.0,34.857142857142854,37.0,25.0,42.0
2001.0,40.0,20.0,24.0,nan,43.0,25.0,55.0,12.0,45.0,41.0,27.0,36.0,27.0,31.0,21.0,27.0,34.0,9.0,28.0,42.0,46.0,24.0,31.285714285714285,28.0,24.0,41.0
2002.0,26.0,37.0,16.0,nan,53.0,38.0,75.0,52.0,38.0,50.0,33.0,25.0,11.0,28.0,27.0,38.0,36.0,49.0,56.0,31.0,56.0,50.0,39.285714285714285,38.0,28.0,50.0
2003.0,45.0,62.0,38.0,nan,36.0,30.0,26.0,49.0,15.0,19.0,36.0,89.0,18.0,24.0,47.0,41.0,26.0,58.0,56.0,48.0,28.0,29.0,39.04761904761905,36.0,26.0,48.0
2004.0,45.0,32.0,41.0,nan,22.0,31.0,45.0,34.0,42.0,47.0,36.0,64.0,28.0,25.0,44.0,39.0,50.0,39.0,43.0,19.0,39.0,29.0,37.80952380952381,39.0,31.0,44.0
2005.0,14.0,45.0,38.0,nan,28.0,28.0,40.0,40.0,44.0,36.0,44.0,28.0,35.0,51.0,40.0,49.0,47.0,47.0,32.0,27.0,45.0,19.0,37.0,40.0,28.0,45.0
2006.0,48.0,45.0,43.0,nan,34.0,26.0,23.0,33.0,47.0,45.0,47.0,25.0,18.0,40.0,59.0,28.0,35.0,54.0,49.0,36.0,15.0,47.0,37.95238095238095,40.0,28.0,47.0
2007.0,43.0,16.0,29.0,nan,61.0,50.0,14.0,37.0,16.0,28.0,21.0,73.0,30.0,64.0,26.0,32.0,31.0,30.0,60.0,43.0,33.0,36.0,36.80952380952381,32.0,28.0,43.0
2008.0,51.0,51.0,47.0,nan,34.0,28.0,53.0,41.0,32.0,44.0,24.0,10.0,53.0,39.0,12.0,27.0,17.0,46.0,58.0,24.0,35.0,30.0,36.0,35.0,27.0,47.0
2009.0,41.0,34.0,35.0,nan,18.0,31.0,21.0,40.0,53.0,39.0,30.0,15.0,60.0,29.0,20.0,54.0,41.0,38.0,18.0,45.0,23.0,32.0,34.142857142857146,34.0,23.0,41.0
2010.0,41.0,41.0,59.0,nan,38.0,17.0,44.0,30.0,28.0,34.0,23.0,26.0,41.0,45.0,67.0,45.0,59.0,44.0,48.0,33.0,12.0,44.0,39.0,41.0,30.0,45.0
2011.0,17.0,18.0,25.0,nan,32.0,51.0,45.0,37.0,44.0,38.0,58.0,29.0,40.0,40.0,44.0,44.0,25.0,28.0,26.0,49.0,54.0,42.0,37.42857142857143,40.0,28.0,44.0
2012.0,34.0,62.0,38.0,nan,27.0,42.0,26.0,52.0,33.0,28.0,47.0,20.0,16.0,35.0,29.0,30.0,25.0,39.0,45.0,31.0,48.0,49.0,36.0,34.0,28.0,45.0
2013.0,52.0,17.0,25.0,nan,23.0,28.0,41.0,66.0,48.0,69.0,59.0,44.0,55.0,48.0,42.0,34.0,28.0,18.0,23.0,46.0,32.0,58.0,40.76190476190476,42.0,28.0,52.0
2014.0,31.0,53.0,38.0,nan,49.0,58.0,39.0,50.0,39.0,45.0,47.0,39.0,30.0,55.0,41.0,49.0,35.0,28.0,30.0,51.0,52.0,45.0,43.04761904761905,45.0,38.0,50.0
2015.0,44.0,23.0,46.0,nan,48.0,40.0,21.0,43.0,32.0,16.0,46.0,51.0,45.0,30.0,65.0,53.0,50.0,52.0,39.0,30.0,31.0,68.0,41.57142857142857,44.0,31.0,50.0
2016.0,46.0,46.0,40.0,nan,35.0,62.0,43.0,17.0,44.0,41.0,36.0,45.0,58.0,36.0,85.0,26.0,58.0,45.0,24.0,36.0,29.0,61.0,43.476190476190474,43.0,36.0,46.0
2017.0,43.0,33.0,52.0,nan,21.0,40.0,32.0,40.0,29.0,48.0,37.0,26.0,34.0,45.0,100.0,37.0,38.0,47.0,25.0,36.0,76.0,57.0,42.666666666666664,38.0,33.0,47.0
2018.0,31.0,43.0,39.0,nan,41.0,32.0,20.0,36.0,20.0,57.0,40.0,42.0,67.0,30.0,74.0,41.0,21.0,26.0,24.0,48.0,65.0,46.0,40.142857142857146,40.0,30.0,46.0
2019.0,54.0,45.0,46.0,nan,33.0,23.0,58.0,35.0,36.0,22.0,60.0,20.0,23.0,32.0,73.0,39.0,52.0,58.0,34.0,56.0,73.0,38.0,43.333333333333336,39.0,33.0,56.0
2020.0,49.0,40.0,51.0,nan,36.0,69.0,28.0,42.0,33.0,39.0,66.0,51.0,61.0,27.0,73.0,48.0,41.0,43.0,22.0,35.0,62.0,56.0,46.285714285714285,43.0,36.0,56.0
2021.0,45.0,35.0,33.0,nan,13.0,44.0,29.0,30.0,61.0,55.0,47.0,13.0,36.0,33.0,82.0,59.0,36.0,45.0,43.0,47.0,61.0,35.0,42.0,43.0,33.0,47.0
2022.0,77.0,17.0,47.0,nan,27.0,47.0,27.0,33.0,40.0,60.0,56.0,5.0,24.0,35.0,108.0,28.0,51.0,50.0,37.0,59.0,36.0,67.0,44.333333333333336,40.0,28.0,56.0
2023.0,40.0,43.0,45.0,nan,37.0,35.0,15.0,38.0,47.0,32.0,74.0,27.0,33.0,43.0,91.0,28.0,33.0,28.0,29.0,43.0,44.0,33.0,39.904761904761905,37.0,32.0,43.0
2024.0,56.0,73.0,40.0,nan,39.0,27.0,39.0,64.0,52.0,62.0,54.0,43.0,33.0,28.0,103.0,24.0,35.0,31.0,35.0,40.0,38.0,31.0,45.095238095238095,39.0,33.0,54.0
2025.0,51.0,93.0,62.0,nan,31.0,41.0,37.0,43.0,67.0,41.0,45.0,13.0,34.0,29.0,79.0,20.0,33.0,42.0,24.0,55.0,56.0,66.0,45.80952380952381,42.0,33.0,56.0
2026.0,54.0,53.0,50.0,nan,32.0,36.0,52.0,24.0,32.0,12.0,64.0,16.0,81.0,59.0,102.0,30.0,45.0,58.0,38.0,38.0,77.0,52.0,47.857142857142854,50.0,32.0,58.0
2027.0,48.0,52.0,51.0,nan,12.0,32.0,49.0,40.0,43.0,32.0,51.0,45.0,31.0,28.0,88.0,43.0,41.0,60.0,16.0,54.0,56.0,71.0,44.904761904761905,45.0,32.0,52.0
2028.0,66.0,42.0,68.0,nan,29.0,40.0,31.0,26.0,52.0,40.0,51.0,42.0,54.0,54.0,76.0,47.0,44.0,22.0,28.0,72.0,62.0,62.0,48.0,47.0,40.0,62.0
2029.0,46.0,61.0,50.0,nan,26.0,68.0,49.0,45.0,37.0,72.0,66.0,11.0,15.0,40.0,71.0,40.0,50.0,28.0,48.0,51.0,76.0,27.0,46.523809523809526,48.0,37.0,61.0
2030.0,65.0,50.0,73.0,nan,28.0,72.0,55.0,60.0,27.0,44.0,59.0,39.0,80.0,43.0,89.0,65.0,33.0,24.0,25.0,63.0,47.0,51.0,52.0,51.0,39.0,65.0
2031.0,80.0,30.0,63.0,nan,47.0,44.0,31.0,52.0,49.0,37.0,83.0,58.0,43.0,46.0,66.0,47.0,53.0,81.0,24.0,66.0,44.0,48.0,52.0,48.0,44.0,63.0
2032.0,68.0,45.0,55.0,nan,32.0,50.0,40.0,37.0,37.0,65.0,58.0,25.0,34.0,30.0,70.0,45.0,60.0,54.0,46.0,63.0,56.0,72.0,49.61904761904762,50.0,37.0,60.0
2033.0,60.0,65.0,55.0,nan,46.0,34.0,31.0,65.0,57.0,43.0,47.0,43.0,68.0,39.0,82.0,63.0,62.0,42.0,46.0,59.0,57.0,65.0,53.76190476190476,57.0,43.0,63.0
2034.0,76.0,70.0,70.0,nan,51.0,35.0,97.0,82.0,39.0,57.0,55.0,41.0,38.0,57.0,100.0,33.0,59.0,37.0,42.0,57.0,67.0,57.0,58.095238095238095,57.0,41.0,70.0
2035.0,37.0,80.0,64.0,nan,39.0,63.0,67.0,69.0,29.0,57.0,65.0,59.0,27.0,49.0,124.0,42.0,44.0,74.0,43.0,52.0,57.0,81.0,58.19047619047619,57.0,43.0,67.0
2036.0,72.0,45.0,66.0,nan,30.0,76.0,70.0,59.0,52.0,56.0,66.0,49.0,48.0,42.0,87.0,46.0,53.0,28.0,33.0,58.0,61.0,63.0,55.23809523809524,56.0,46.0,66.0
2037.0,61.0,44.0,49.0,nan,43.0,71.0,79.0,69.0,48.0,40.0,65.0,37.0,36.0,37.0,107.0,46.0,52.0,25.0,53.0,66.0,46.0,62.0,54.095238095238095,49.0,43.0,65.0
2038.0,65.0,51.0,93.0,nan,33.0,68.0,49.0,46.0,42.0,58.0,73.0,34.0,47.0,38.0,112.0,45.0,51.0,42.0,43.0,90.0,64.0,50.0,56.857142857142854,50.0,43.0,65.0
2039.0,61.0,58.0,57.0,nan,29.0,63.0,41.0,62.0,52.0,58.0,58.0,69.0,70.0,48.0,92.0,41.0,47.0,50.0,35.0,69.0,81.0,81.0,58.19047619047619,58.0,48.0,69.0
2040.0,77.0,59.0,54.0,nan,44.0,68.0,53.0,38.0,40.0,62.0,70.0,40.0,64.0,74.0,98.0,66.0,86.0,72.0,49.0,66.0,75.0,60.0,62.61904761904762,64.0,53.0,72.0
2041.0,62.0,85.0,40.0,nan,42.0,66.0,35.0,52.0,39.0,51.0,61.0,41.0,31.0,44.0,111.0,77.0,63.0,54.0,29.0,74.0,63.0,59.0,56.142857142857146,54.0,41.0,63.0
2042.0,89.0,75.0,72.0,nan,62.0,36.0,54.0,44.0,54.0,34.0,67.0,49.0,81.0,56.0,100.0,37.0,63.0,45.0,50.0,67.0,56.0,60.0,59.57142857142857,56.0,49.0,67.0
2043.0,65.0,99.0,86.0,nan,24.0,79.0,61.0,56.0,65.0,34.0,37.0,56.0,73.0,50.0,102.0,44.0,70.0,69.0,47.0,56.0,67.0,67.0,62.23809523809524,65.0,50.0,70.0
2044.0,80.0,78.0,66.0,nan,24.0,56.0,51.0,60.0,67.0,59.0,78.0,30.0,50.0,65.0,117.0,66.0,113.0,59.0,42.0,47.0,90.0,52.0,64.28571428571429,60.0,51.0,78.0
2045.0,57.0,96.0,97.0,nan,91.0,49.0,47.0,54.0,60.0,77.0,75.0,48.0,49.0,76.0,83.0,47.0,73.0,42.0,64.0,74.0,53.0,70.0,65.80952380952381,64.0,49.0,76.0
2046.0,82.0,49.0,78.0,nan,61.0,78.0,46.0,37.0,48.0,59.0,77.0,39.0,55.0,69.0,112.0,79.0,48.0,78.0,36.0,65.0,88.0,54.0,63.714285714285715,61.0,48.0,78.0
2047.0,79.0,78.0,90.0,nan,35.0,82.0,57.0,70.0,46.0,52.0,47.0,42.0,29.0,79.0,113.0,43.0,76.0,26.0,46.0,55.0,88.0,66.0,61.857142857142854,57.0,46.0,79.0
2048.0,99.0,90.0,73.0,nan,56.0,77.0,75.0,73.0,44.0,51.0,84.0,48.0,29.0,72.0,103.0,32.0,81.0,69.0,28.0,52.0,69.0,66.0,65.28571428571429,69.0,51.0,77.0
2049.0,75.0,76.0,63.0,nan,41.0,72.0,56.0,46.0,59.0,64.0,75.0,79.0,56.0,48.0,119.0,55.0,82.0,67.0,82.0,74.0,62.0,77.0,68.0,67.0,56.0,76.0
2050.0,87.0,79.0,71.0,nan,45.0,60.0,66.0,75.0,43.0,81.0,62.0,71.0,75.0,85.0,140.0,48.0,108.0,78.0,49.0,66.0,69.0,66.0,72.57142857142857,71.0,62.0,79.0
2051.0,88.0,75.0,82.0,nan,64.0,69.0,66.0,76.0,44.0,54.0,50.0,40.0,83.0,78.0,117.0,69.0,63.0,59.0,52.0,57.0,81.0,69.0,68.38095238095238,69.0,57.0,78.0
2052.0,73.0,64.0,78.0,nan,57.0,83.0,50.0,55.0,51.0,46.0,81.0,80.0,71.0,88.0,130.0,76.0,65.0,71.0,71.0,48.0,86.0,51.0,70.23809523809524,71.0,55.0,80.0
2053.0,75.0,114.0,75.0,nan,68.0,76.0,57.0,87.0,69.0,34.0,86.0,75.0,59.0,56.0,114.0,51.0,86.0,59.0,38.0,61.0,90.0,72.0,71.52380952380952,72.0,59.0,86.0
2054.0,91.0,79.0,83.0,nan,55.0,85.0,48.0,56.0,43.0,53.0,115.0,20.0,80.0,83.0,141.0,76.0,93.0,47.0,48.0,56.0,68.0,80.0,71.42857142857143,76.0,53.0,83.0
2055.0,86.0,70.0,86.0,nan,61.0,84.0,82.0,80.0,52.0,74.0,72.0,39.0,57.0,57.0,145.0,55.0,72.0,49.0,67.0,71.0,57.0,81.0,71.28571428571429,71.0,57.0,81.0
2056.0,97.0,67.0,96.0,nan,50.0,84.0,44.0,73.0,38.0,57.0,75.0,42.0,44.0,91.0,123.0,72.0,82.0,63.0,55.0,79.0,93.0,72.0,71.28571428571429,72.0,55.0,84.0
2057.0,89.0,82.0,95.0,nan,57.0,95.0,54.0,58.0,63.0,50.0,60.0,85.0,38.0,82.0,122.0,71.0,88.0,66.0,28.0,62.0,72.0,58.0,70.23809523809524,66.0,58.0,85.0
2058.0,92.0,79.0,81.0,nan,58.0,54.0,59.0,49.0,53.0,71.0,87.0,42.0,68.0,85.0,129.0,69.0,96.0,64.0,65.0,56.0,77.0,66.0,71.42857142857143,68.0,58.0,81.0
2059.0,108.0,82.0,90.0,nan,71.0,89.0,78.0,95.0,75.0,83.0,65.0,77.0,48.0,80.0,138.0,63.0,70.0,80.0,49.0,72.0,88.0,81.0,80.0952380952381,80.0,71.0,88.0
2060.0,85.0,59.0,77.0,nan,88.0,78.0,48.0,97.0,68.0,57.0,87.0,59.0,65.0,88.0,131.0,78.0,77.0,51.0,58.0,79.0,95.0,89.0,76.85714285714286,78.0,59.0,88.0
2061.0,91.0,101.0,87.0,nan,43.0,115.0,80.0,34.0,54.0,60.0,95.0,63.0,56.0,85.0,109.0,60.0,65.0,74.0,71.0,63.0,76.0,70.0,73.9047619047619,71.0,60.0,87.0
2062.0,102.0,78.0,84.0,nan,65.0,79.0,58.0,65.0,82.0,79.0,82.0,52.0,92.0,111.0,120.0,59.0,97.0,87.0,56.0,64.0,101.0,87.0,80.95238095238095,82.0,65.0,92.0
2063.0,103.0,91.0,98.0,nan,62.0,59.0,104.0,109.0,73.0,79.0,67.0,101.0,28.0,76.0,119.0,84.0,103.0,57.0,76.0,76.0,86.0,87.0,82.76190476190476,84.0,73.0,101.0
2064.0,93.0,101.0,91.0,nan,47.0,69.0,90.0,94.0,76.0,76.0,92.0,70.0,47.0,85.0,129.0,101.0,73.0,62.0,56.0,90.0,90.0,82.0,81.61904761904762,85.0,70.0,92.0
2065.0,107.0,79.0,114.0,nan,63.0,89.0,71.0,86.0,59.0,85.0,77.0,47.0,76.0,72.0,133.0,46.0,66.0,60.0,110.0,78.0,101.0,82.0,81.0,78.0,66.0,89.0
2066.0,102.0,85.0,86.0,nan,86.0,88.0,115.0,73.0,84.0,64.0,104.0,91.0,60.0,89.0,111.0,59.0,107.0,69.0,81.0,92.0,100.0,68.0,86.38095238095238,86.0,73.0,100.0
2067.0,97.0,99.0,91.0,nan,94.0,68.0,79.0,89.0,59.0,77.0,122.0,67.0,29.0,116.0,106.0,74.0,87.0,73.0,72.0,81.0,90.0,81.0,83.38095238095238,81.0,73.0,94.0
2068.0,106.0,89.0,82.0,nan,82.0,78.0,90.0,70.0,76.0,79.0,78.0,50.0,78.0,87.0,144.0,60.0,104.0,87.0,72.0,81.0,92.0,83.0,84.19047619047619,82.0,78.0,89.0
2069.0,98.0,99.0,88.0,nan,55.0,100.0,89.0,76.0,68.0,75.0,75.0,84.0,70.0,101.0,120.0,72.0,100.0,74.0,82.0,82.0,101.0,73.0,84.85714285714286,82.0,74.0,99.0
2070.0,118.0,105.0,88.0,nan,86.0,114.0,84.0,90.0,65.0,72.0,93.0,71.0,67.0,100.0,132.0,97.0,89.0,73.0,77.0,81.0,99.0,89.0,90.0,89.0,77.0,99.0
2071.0,127.0,89.0,106.0,nan,96.0,113.0,76.0,101.0,50.0,90.0,93.0,64.0,47.0,103.0,110.0,93.0,82.0,80.0,87.0,68.0,101.0,105.0,89.57142857142857,93.0,80.0,103.0
2072.0,119.0,104.0,130.0,nan,82.0,78.0,101.0,95.0,80.0,80.0,67.0,77.0,70.0,105.0,117.0,68.0,95.0,94.0,108.0,77.0,102.0,104.0,93.0,95.0,78.0,104.0
2073.0,125.0,95.0,102.0,nan,82.0,96.0,98.0,93.0,55.0,76.0,73.0,76.0,65.0,129.0,117.0,77.0,93.0,107.0,86.0,91.0,77.0,94.0,90.80952380952381,93.0,77.0,98.0
2074.0,105.0,112.0,109.0,nan,70.0,85.0,93.0,87.0,64.0,73.0,103.0,40.0,67.0,117.0,127.0,95.0,113.0,87.0,81.0,81.0,112.0,85.0,90.76190476190476,87.0,81.0,109.0
2075.0,120.0,110.0,115.0,nan,68.0,94.0,79.0,95.0,101.0,76.0,93.0,42.0,61.0,108.0,122.0,94.0,122.0,84.0,72.0,72.0,104.0,91.0,91.57142857142857,94.0,76.0,108.0
2076.0,143.0,135.0,121.0,nan,112.0,112.0,74.0,113.0,69.0,73.0,88.0,96.0,78.0,126.0,126.0,90.0,87.0,66.0,92.0,92.0,114.0,90.0,99.85714285714286,92.0,87.0,114.0
2077.0,128.0,101.0,118.0,nan,91.0,106.0,78.0,112.0,82.0,82.0,104.0,62.0,43.0,124.0,122.0,93.0,97.0,92.0,97.0,103.0,95.0,96.0,96.47619047619048,97.0,91.0,106.0
2078.0,122.0,116.0,106.0,nan,92.0,121.0,87.0,71.0,70.0,92.0,85.0,70.0,88.0,117.0,120.0,79.0,91.0,78.0,88.0,104.0,110.0,96.0,95.38095238095238,92.0,85.0,110.0
2079.0,112.0,138.0,112.0,nan,64.0,123.0,111.0,122.0,81.0,85.0,82.0,67.0,82.0,135.0,123.0,58.0,109.0,95.0,90.0,92.0,107.0,118.0,100.28571428571429,107.0,82.0,118.0
2080.0,113.0,102.0,120.0,nan,83.0,98.0,88.0,102.0,69.0,88.0,111.0,74.0,73.0,117.0,141.0,90.0,100.0,98.0,108.0,75.0,109.0,81.0,97.14285714285714,98.0,83.0,109.0
2081.0,128.0,105.0,118.0,nan,121.0,113.0,88.0,99.0,57.0,85.0,88.0,76.0,99.0,120.0,141.0,81.0,106.0,86.0,86.0,95.0,130.0,99.0,101.0,99.0,86.0,118.0
2082.0,133.0,119.0,122.0,nan,91.0,95.0,86.0,106.0,83.0,93.0,92.0,51.0,57.0,126.0,141.0,97.0,88.0,94.0,102.0,93.0,111.0,115.0,99.76190476190476,95.0,91.0,115.0
2083.0,149.0,125.0,109.0,nan,89.0,113.0,97.0,97.0,83.0,75.0,114.0,72.0,75.0,155.0,156.0,103.0,111.0,102.0,87.0,90.0,114.0,121.0,106.52380952380952,103.0,89.0,114.0
2084.0,117.0,142.0,124.0,nan,107.0,104.0,82.0,101.0,72.0,97.0,103.0,83.0,81.0,138.0,157.0,122.0,122.0,112.0,115.0,99.0,117.0,114.0,109.95238095238095,112.0,99.0,122.0
2085.0,137.0,117.0,121.0,nan,92.0,101.0,82.0,90.0,58.0,75.0,100.0,92.0,42.0,131.0,147.0,81.0,118.0,92.0,81.0,104.0,108.0,122.0,99.57142857142857,100.0,82.0,118.0
2086.0,125.0,112.0,122.0,nan,98.0,150.0,99.0,109.0,87.0,88.0,110.0,98.0,54.0,143.0,139.0,100.0,98.0,118.0,97.0,109.0,128.0,92.0,108.38095238095238,109.0,98.0,122.0
2087.0,132.0,115.0,107.0,nan,81.0,92.0,101.0,121.0,79.0,96.0,109.0,85.0,104.0,143.0,150.0,96.0,108.0,122.0,100.0,99.0,119.0,113.0,108.19047619047619,107.0,96.0,119.0
2088.0,129.0,150.0,130.0,nan,102.0,127.0,100.0,125.0,77.0,82.0,108.0,61.0,61.0,151.0,155.0,104.0,121.0,98.0,95.0,101.0,122.0,105.0,109.71428571428571,105.0,98.0,127.0
2089.0,149.0,134.0,135.0,nan,98.0,118.0,122.0,109.0,87.0,91.0,120.0,106.0,85.0,136.0,150.0,116.0,113.0,122.0,86.0,113.0,124.0,111.0,115.47619047619048,116.0,106.0,124.0
2090.0,133.0,125.0,116.0,nan,111.0,126.0,100.0,119.0,105.0,103.0,138.0,63.0,92.0,123.0,151.0,88.0,130.0,108.0,115.0,94.0,102.0,98.0,111.42857142857143,111.0,100.0,125.0
2091.0,128.0,121.0,144.0,nan,105.0,127.0,94.0,129.0,79.0,94.0,91.0,94.0,83.0,148.0,143.0,87.0,115.0,103.0,97.0,100.0,129.0,111.0,110.57142857142857,105.0,94.0,128.0
2092.0,163.0,124.0,118.0,nan,120.0,130.0,119.0,143.0,83.0,91.0,109.0,93.0,90.0,141.0,149.0,110.0,129.0,107.0,105.0,119.0,129.0,118.0,118.57142857142857,119.0,107.0,129.0
2093.0,142.0,123.0,121.0,nan,95.0,117.0,111.0,100.0,86.0,129.0,100.0,84.0,84.0,150.0,140.0,119.0,126.0,123.0,124.0,90.0,123.0,100.0,113.66666666666667,119.0,100.0,124.0
2094.0,146.0,123.0,124.0,nan,119.0,115.0,116.0,115.0,88.0,111.0,94.0,101.0,99.0,133.0,144.0,109.0,113.0,118.0,118.0,97.0,129.0,120.0,115.80952380952381,116.0,109.0,123.0
2095.0,127.0,126.0,125.0,nan,93.0,109.0,117.0,126.0,78.0,99.0,107.0,109.0,73.0,146.0,161.0,103.0,104.0,113.0,108.0,105.0,118.0,122.0,112.80952380952381,109.0,104.0,125.0
2096.0,154.0,109.0,141.0,nan,123.0,121.0,124.0,111.0,94.0,94.0,137.0,85.0,80.0,146.0,150.0,96.0,117.0,111.0,102.0,114.0,128.0,127.0,117.33333333333333,117.0,102.0,128.0
2097.0,147.0,127.0,133.0,nan,131.0,112.0,133.0,120.0,85.0,104.0,100.0,102.0,97.0,148.0,136.0,102.0,130.0,119.0,114.0,120.0,132.0,108.0,119.04761904761905,120.0,104.0,132.0
2098.0,155.0,121.0,119.0,nan,106.0,139.0,107.0,125.0,111.0,96.0,134.0,87.0,87.0,159.0,131.0,114.0,129.0,106.0,128.0,112.0,118.0,127.0,119.57142857142857,119.0,107.0,129.0
2099.0,140.0,115.0,134.0,nan,117.0,123.0,110.0,115.0,82.0,109.0,81.0,79.0,78.0,159.0,160.0,110.0,129.0,124.0,129.0,113.0,131.0,125.0,117.28571428571429,117.0,110.0,129.0
2100.0,149.0,138.0,127.0,nan,111.0,119.0,129.0,117.0,84.0,92.0,102.0,106.0,76.0,142.0,186.0,96.0,114.0,103.0,112.0,86.0,114.0,143.0,116.47619047619048,114.0,102.0,129.0
