Years,ACCESS-CM2,ACCESS-ESM1-5,BCC-CSM2-MR,CESM2,CMCC-ESM2,CNRM-CM6-1,CNRM-ESM2-1,EC-Earth3,FGOALS-g3,GFDL-ESM4,GISS-E2-1-G,INM-CM4-8,INM-CM5-0,IPSL-CM6A-LR,KACE-1-0-G,MIROC6,MIROC-ES2L,MPI-ESM1-2-HR,MPI-ESM1-2-LR,MRI-ESM2-0,NorESM2-LM,NorESM2-MM,MME-mean,MME-median,MME-pct25,MME-pct75,MME-pct05,MME-pct95
1950.0,22.520904541015625,22.570669174194336,22.107149124145508,NaN,23.26146125793457,20.98366928100586,21.295761108398438,24.63254737854004,22.118026733398438,23.414445877075195,22.336875915527344,22.358428955078125,20.78195571899414,21.531982421875,21.44966697692871,22.414592742919922,21.871301651000977,22.370819091796875,22.236650466918945,22.5045108795166,23.058534622192383,22.51680564880371,22.301750455583846,22.358428955078125,21.871301651000977,22.520904541015625,20.98366928100586,23.414445877075195
1951.0,21.24898910522461,22.191633224487305,24.263530731201172,NaN,22.36959457397461,23.177806854248047,22.630735397338867,23.311874389648438,23.304994583129883,22.63450050354004,22.465255737304688,22.366233825683594,21.07171630859375,21.418615341186523,23.401386260986328,22.093549728393555,21.701824188232422,22.62700080871582,23.7506103515625,23.341503143310547,22.399595260620117,22.107303619384766,22.565631139846076,22.465255737304688,22.107303619384766,23.304994583129883,21.24898910522461,23.7506103515625
1952.0,22.440204620361328,22.57661247253418,22.881967544555664,NaN,22.087270736694336,24.238506317138672,21.650049209594727,20.442811965942383,22.346139907836914,22.24594497680664,21.363744735717773,21.46105194091797,22.17730712890625,21.076108932495117,22.1908016204834,21.707326889038086,22.059057235717773,23.373180389404297,22.933326721191406,23.408985137939453,23.60544776916504,22.993236541748047,22.345670609247115,22.24594497680664,21.707326889038086,22.933326721191406,21.076108932495117,23.60544776916504
1953.0,21.438941955566406,23.575971603393555,23.162729263305664,NaN,21.844221115112305,22.949485778808594,22.675806045532227,22.03766632080078,22.803272247314453,21.285404205322266,21.977235794067383,20.17981719970703,22.673524856567383,20.55133056640625,24.103199005126953,23.495901107788086,21.838037490844727,22.190654754638672,22.565122604370117,24.3007869720459,23.12702178955078,22.641136169433594,22.448441278366815,22.641136169433594,21.844221115112305,23.12702178955078,20.55133056640625,24.103199005126953
1954.0,21.9318904876709,22.914731979370117,21.737791061401367,NaN,22.52709197998047,21.76262092590332,22.306041717529297,21.347139358520508,23.005910873413086,22.099088668823242,22.415691375732422,22.085195541381836,22.332584381103516,23.038867950439453,21.491975784301758,23.484838485717773,22.75525665283203,22.53524398803711,22.778865814208984,23.269365310668945,24.12872886657715,22.915483474731445,22.5173526037307,22.52709197998047,22.085195541381836,22.915483474731445,21.491975784301758,23.484838485717773
1955.0,21.662946701049805,22.688833236694336,22.86710548400879,NaN,21.190359115600586,21.96517562866211,22.85324478149414,23.147912979125977,22.41563606262207,23.753347396850586,22.633996963500977,23.11366844177246,22.709243774414062,20.14845085144043,22.833271026611328,21.63933753967285,22.881851196289062,22.076440811157227,22.71246337890625,20.935855865478516,22.522706985473633,22.945598602294922,22.366545086815243,22.688833236694336,21.96517562866211,22.86710548400879,20.935855865478516,23.147912979125977
1956.0,23.474384307861328,23.13922119140625,23.368806838989258,NaN,21.666461944580078,23.5563907623291,22.179407119750977,21.707704544067383,23.259679794311523,23.05548667907715,22.787702560424805,24.092376708984375,22.883563995361328,22.77242088317871,22.97652244567871,21.64225959777832,22.391902923583984,22.081497192382812,23.431930541992188,24.038558959960938,24.167476654052734,22.272916793823242,22.90222249712263,22.97652244567871,22.272916793823242,23.431930541992188,21.666461944580078,24.092376708984375
1957.0,21.739402770996094,22.186525344848633,23.034963607788086,NaN,22.263816833496094,20.92462730407715,21.707233428955078,21.798673629760742,22.45501708984375,24.191539764404297,23.199317932128906,23.02768325805664,23.266895294189453,21.80632972717285,23.120866775512695,22.33616828918457,21.58517837524414,22.625194549560547,23.460145950317383,23.823686599731445,23.271730422973633,22.992765426635742,22.610369636898948,22.625194549560547,21.80632972717285,23.199317932128906,21.58517837524414,23.823686599731445
1958.0,21.3135929107666,23.403079986572266,23.763919830322266,NaN,21.065637588500977,22.45112419128418,22.80672836303711,21.47941017150879,23.964303970336914,21.715848922729492,21.74265480041504,22.16615867614746,22.285961151123047,21.8192195892334,23.261396408081055,22.03019905090332,23.86370849609375,23.130455017089844,23.462371826171875,21.292804718017578,22.380603790283203,22.97956657409668,22.49422600155785,22.380603790283203,21.74265480041504,23.261396408081055,21.292804718017578,23.86370849609375
1959.0,21.115070343017578,22.35541343688965,22.40062141418457,NaN,23.748218536376953,23.684024810791016,22.19281005859375,23.9655818939209,23.030372619628906,21.15747833251953,22.991270065307617,20.55650520324707,23.400182723999023,23.418081283569336,24.008743286132812,24.515073776245117,22.602487564086914,23.51534080505371,22.86482048034668,21.847206115722656,23.054288864135742,23.10785484313965,22.83483078366234,23.030372619628906,22.35541343688965,23.51534080505371,21.115070343017578,24.008743286132812
1960.0,23.0570068359375,23.62047004699707,23.321388244628906,NaN,22.58197593688965,22.894453048706055,22.448759078979492,23.614084243774414,22.70984649658203,21.940067291259766,21.908334732055664,21.78966522216797,23.611454010009766,23.505104064941406,21.66290283203125,22.328065872192383,22.49208641052246,22.88494110107422,22.26888084411621,23.706588745117188,23.13218879699707,22.685129165649414,22.769685381934757,22.70984649658203,22.328065872192383,23.321388244628906,21.78966522216797,23.62047004699707
1961.0,21.62238883972168,22.618295669555664,21.8673152923584,NaN,21.10748291015625,21.8447208404541,21.992883682250977,21.665054321289062,22.931011199951172,21.233741760253906,23.348445892333984,22.39620018005371,21.918794631958008,22.485599517822266,22.20368194580078,22.240503311157227,22.34090232849121,22.82530975341797,21.870746612548828,23.79352569580078,22.954227447509766,21.927032470703125,22.247041157313756,22.20368194580078,21.8673152923584,22.618295669555664,21.233741760253906,23.348445892333984
1962.0,23.089855194091797,21.59539794921875,22.486459732055664,NaN,21.036251068115234,23.35716438293457,23.13541030883789,23.378786087036133,22.630760192871094,22.417200088500977,23.041399002075195,22.520681381225586,21.094154357910156,21.91682243347168,22.606401443481445,19.98716926574707,22.291160583496094,21.786401748657227,22.170955657958984,23.363187789916992,22.304609298706055,21.291481018066406,22.261986142113095,22.417200088500977,21.786401748657227,23.041399002075195,21.036251068115234,23.363187789916992
1963.0,23.104074478149414,21.972679138183594,23.867387771606445,NaN,22.456872940063477,22.541744232177734,21.621212005615234,22.44802474975586,22.588233947753906,23.103660583496094,21.60581398010254,22.67521858215332,23.533832550048828,22.646928787231445,22.031999588012695,22.52285385131836,22.41444969177246,21.5418758392334,22.974143981933594,21.47356414794922,21.933048248291016,21.822349548339844,22.422855649675643,22.456872940063477,21.933048248291016,22.67521858215332,21.5418758392334,23.533832550048828
1964.0,22.745084762573242,21.289644241333008,22.642629623413086,NaN,23.282981872558594,21.98918914794922,20.857757568359375,21.712980270385742,22.492027282714844,22.9263916015625,21.691753387451172,20.989492416381836,23.104368209838867,22.532541275024414,21.818927764892578,23.46392822265625,21.19182777404785,22.306293487548828,22.739810943603516,20.182636260986328,21.741329193115234,21.79115867614746,22.071083522978284,21.98918914794922,21.691753387451172,22.739810943603516,20.857757568359375,23.282981872558594
1965.0,21.56682586669922,21.89658546447754,22.598796844482422,NaN,22.8714599609375,21.446735382080078,22.66057014465332,22.23855209350586,21.75642967224121,22.919757843017578,22.036684036254883,22.769420623779297,22.539798736572266,22.36084747314453,22.73565101623535,23.661842346191406,22.217674255371094,22.43524742126465,21.87308692932129,23.293113708496094,20.55598258972168,21.398605346679688,22.277793702625093,22.36084747314453,21.87308692932129,22.73565101623535,21.398605346679688,23.293113708496094
1966.0,22.479848861694336,23.122201919555664,22.395967483520508,NaN,22.467374801635742,22.366838455200195,22.66958236694336,21.78665542602539,22.114116668701172,21.21387481689453,22.243112564086914,22.212583541870117,22.569198608398438,22.002525329589844,23.483430862426758,23.661638259887695,22.270702362060547,23.425668716430664,21.51413917541504,22.955411911010742,21.711694717407227,22.628328323364258,22.4426140558152,22.395967483520508,22.114116668701172,22.66958236694336,21.51413917541504,23.483430862426758
1967.0,22.86126136779785,22.948129653930664,21.717449188232422,NaN,19.269445419311523,21.105154037475586,22.757740020751953,22.759273529052734,22.549192428588867,22.871484756469727,21.235456466674805,20.31111717224121,22.729822158813477,22.102298736572266,24.04009246826172,21.975719451904297,22.210689544677734,23.6256160736084,22.137378692626953,24.174039840698242,22.95087432861328,22.256656646728516,22.313756761096773,22.549192428588867,21.975719451904297,22.871484756469727,20.31111717224121,24.04009246826172
1968.0,22.441572189331055,22.705427169799805,22.371206283569336,NaN,21.169078826904297,21.405384063720703,22.190433502197266,21.769439697265625,21.996580123901367,22.1653995513916,21.41400718688965,21.59725570678711,22.071115493774414,21.46786880493164,23.19559097290039,22.64682388305664,21.952260971069336,23.40829086303711,22.651275634765625,23.790760040283203,24.036632537841797,22.562170028686523,22.33374159676688,22.190433502197266,21.769439697265625,22.651275634765625,21.405384063720703,23.790760040283203
1969.0,22.5595760345459,20.41605567932129,22.142314910888672,NaN,24.579618453979492,23.536344528198242,23.21219825744629,22.30391502380371,21.99901580810547,22.656879425048828,22.391523361206055,22.640600204467773,22.857501983642578,23.026798248291016,22.876649856567383,22.564613342285156,19.47015380859375,23.065555572509766,23.353656768798828,22.866689682006836,22.336803436279297,22.289926528930664,22.53078051975795,22.640600204467773,22.30391502380371,23.026798248291016,20.41605567932129,23.536344528198242
1970.0,22.778459548950195,22.340118408203125,22.94782257080078,NaN,23.80007553100586,22.62797737121582,23.03166389465332,23.241743087768555,22.22112274169922,23.470703125,23.03827667236328,22.605316162109375,22.315229415893555,23.04111671447754,22.94662094116211,21.86642837524414,22.707002639770508,22.135480880737305,20.8918399810791,21.33045768737793,22.07964515686035,23.174665451049805,22.599607921781995,22.707002639770508,22.22112274169922,23.03827667236328,21.33045768737793,23.470703125
1971.0,23.228092193603516,22.233182907104492,22.581998825073242,NaN,24.91116714477539,22.31012725830078,21.43606948852539,21.40699577331543,23.136579513549805,23.217342376708984,22.285938262939453,23.642990112304688,23.034818649291992,22.261568069458008,21.916709899902344,22.739755630493164,21.537214279174805,21.35487937927246,22.754436492919922,22.7470645904541,22.508665084838867,22.111391067504883,22.540808904738654,22.508665084838867,22.111391067504883,23.034818649291992,21.40699577331543,23.642990112304688
1972.0,22.907596588134766,22.927936553955078,23.45317268371582,NaN,22.010099411010742,23.44832420349121,21.96940803527832,22.737443923950195,21.828603744506836,22.573579788208008,22.30995750427246,22.760116577148438,22.69567108154297,22.817842483520508,21.960250854492188,22.450288772583008,23.268308639526367,22.980981826782227,20.472251892089844,23.10647201538086,22.359216690063477,21.676427841186523,22.51018814813523,22.69567108154297,22.010099411010742,22.927936553955078,21.676427841186523,23.44832420349121
1973.0,21.785049438476562,22.095970153808594,21.850765228271484,NaN,20.80584716796875,21.119474411010742,22.389440536499023,22.9178409576416,21.921459197998047,21.262012481689453,22.05518341064453,23.3043270111084,21.675533294677734,23.685924530029297,22.583995819091797,22.088104248046875,22.7246036529541,21.986663818359375,21.547988891601562,21.786592483520508,22.203372955322266,22.02654457092285,22.086509250459216,22.02654457092285,21.785049438476562,22.389440536499023,21.119474411010742,23.3043270111084
1974.0,22.953039169311523,22.416004180908203,19.77923583984375,NaN,22.845382690429688,21.478832244873047,22.635509490966797,22.59070587158203,23.50821304321289,22.782798767089844,21.77249526977539,22.263530731201172,24.514541625976562,23.1759090423584,20.927534103393555,21.938814163208008,22.670703887939453,22.609323501586914,22.93100357055664,21.287939071655273,21.853641510009766,21.06000518798828,22.285483950660343,22.59070587158203,21.77249526977539,22.845382690429688,20.927534103393555,23.50821304321289
1975.0,21.378582000732422,22.070898056030273,22.207889556884766,NaN,23.25712776184082,23.125137329101562,23.33168601989746,21.71270179748535,22.584583282470703,22.33082389831543,23.526453018188477,22.046131134033203,22.698270797729492,22.217777252197266,22.68387222290039,21.844011306762695,21.0656681060791,22.780517578125,22.486021041870117,22.349435806274414,22.444414138793945,20.80929946899414,22.331014360700333,22.349435806274414,22.046131134033203,22.698270797729492,21.0656681060791,23.33168601989746
1976.0,22.354543685913086,20.624433517456055,22.14544105529785,NaN,22.00691032409668,23.703981399536133,22.08019256591797,23.114065170288086,22.00799560546875,22.773319244384766,22.305479049682617,23.04526710510254,21.924779891967773,22.51692771911621,22.10424041748047,22.634130477905273,22.082748413085938,22.610010147094727,22.537782669067383,23.1961612701416,23.305749893188477,22.543581008911133,22.45798764910017,22.51692771911621,22.082748413085938,22.773319244384766,21.924779891967773,23.305749893188477
1977.0,23.554767608642578,21.524648666381836,23.493640899658203,NaN,23.510662078857422,23.58274269104004,21.91669464111328,22.63519859313965,24.23077964782715,21.2081356048584,20.60107421875,23.177156448364258,22.33207893371582,22.334943771362305,21.82517433166504,23.12541961669922,22.617076873779297,22.866086959838867,22.454103469848633,20.747560501098633,21.813465118408203,21.977460861206055,22.45375578744071,22.454103469848633,21.82517433166504,23.177156448364258,20.747560501098633,23.58274269104004
1978.0,23.31212615966797,23.799314498901367,23.24880599975586,NaN,23.173429489135742,22.66211700439453,21.86715316772461,21.957704544067383,23.601308822631836,22.02485466003418,22.70966339111328,21.664207458496094,22.29916763305664,22.264699935913086,22.791156768798828,24.279441833496094,22.350236892700195,22.57553482055664,22.260356903076172,22.131895065307617,22.361339569091797,22.418684005737305,22.654914220174152,22.418684005737305,22.260356903076172,23.173429489135742,21.86715316772461,23.799314498901367
1979.0,22.06792640686035,23.074432373046875,23.535547256469727,NaN,22.28883171081543,21.177305221557617,23.81451988220215,24.238407135009766,22.604473114013672,23.598777770996094,23.496639251708984,21.7807559967041,21.947250366210938,22.77043342590332,21.334531784057617,23.555389404296875,21.594423294067383,22.951391220092773,22.77439308166504,23.46931266784668,21.339380264282227,22.275474548339844,22.651885532197497,22.77043342590332,21.947250366210938,23.496639251708984,21.334531784057617,23.81451988220215
1980.0,22.97418212890625,23.01995277404785,21.88129234313965,NaN,22.39203643798828,22.021766662597656,20.668819427490234,22.642370223999023,23.429828643798828,24.49211311340332,23.14093017578125,22.82040786743164,23.277076721191406,20.97722053527832,23.06458282470703,23.764883041381836,21.843524932861328,23.466655731201172,22.988262176513672,22.24797248840332,22.92573356628418,23.40167999267578,22.735299609956286,22.97418212890625,22.24797248840332,23.277076721191406,20.97722053527832,23.764883041381836
1981.0,23.095325469970703,22.725664138793945,22.360380172729492,NaN,21.232070922851562,22.383337020874023,24.155426025390625,22.01459312438965,21.63632583618164,22.34562873840332,21.41908836364746,22.071901321411133,22.40028953552246,22.258010864257812,22.852840423583984,23.949234008789062,22.807838439941406,23.590234756469727,22.279449462890625,21.895938873291016,22.079059600830078,23.388710021972656,22.52101652962821,22.360380172729492,22.071901321411133,22.852840423583984,21.41908836364746,23.949234008789062
1982.0,21.844987869262695,23.682323455810547,21.525115966796875,NaN,22.539154052734375,22.22974967956543,23.117584228515625,22.734329223632812,22.389936447143555,22.65232276916504,22.532499313354492,21.971336364746094,20.555500030517578,23.10127067565918,23.4127140045166,21.408735275268555,24.375988006591797,23.129146575927734,22.664297103881836,23.24099349975586,22.03070068359375,22.561180114746094,22.557136444818404,22.561180114746094,22.03070068359375,23.117584228515625,21.408735275268555,23.682323455810547
1983.0,21.898086547851562,22.77315902709961,21.77464485168457,NaN,21.164228439331055,23.666780471801758,22.13484764099121,20.817764282226562,22.541147232055664,22.163585662841797,22.95950698852539,22.885717391967773,19.869626998901367,20.33711814880371,23.551910400390625,22.012311935424805,23.661497116088867,22.693042755126953,22.71225357055664,23.408620834350586,22.268028259277344,21.26387596130371,22.21703592936198,22.268028259277344,21.77464485168457,22.885717391967773,20.33711814880371,23.661497116088867
1984.0,23.026674270629883,22.402023315429688,22.836742401123047,NaN,21.358903884887695,21.878746032714844,23.381113052368164,22.331260681152344,23.97237205505371,22.503379821777344,23.725101470947266,20.803680419921875,22.794065475463867,22.62122917175293,22.52785873413086,20.745925903320312,22.144973754882812,22.501235961914062,21.914907455444336,22.295480728149414,22.6407527923584,22.933887481689453,22.44477689833868,22.503379821777344,22.144973754882812,22.836742401123047,20.803680419921875,23.725101470947266
1985.0,21.601686477661133,22.889469146728516,23.27054786682129,NaN,21.678974151611328,21.968534469604492,22.268596649169922,21.560791015625,22.684066772460938,22.800548553466797,22.12659454345703,22.055639266967773,21.30974769592285,22.220935821533203,23.22471046447754,22.638267517089844,22.291982650756836,22.22062110900879,22.811914443969727,22.275650024414062,22.805538177490234,23.08629608154297,22.371005376180012,22.275650024414062,22.055639266967773,22.805538177490234,21.560791015625,23.22471046447754
1986.0,23.57288932800293,22.912321090698242,24.11372184753418,NaN,23.404401779174805,22.109697341918945,21.743667602539062,21.65712547302246,22.093286514282227,21.972578048706055,21.8489933013916,22.14727210998535,22.303071975708008,22.959501266479492,22.561182022094727,24.2029972076416,22.471778869628906,22.71453857421875,22.74439239501953,21.78156089782715,21.820947647094727,23.466093063354492,22.60009611220587,22.471778869628906,21.972578048706055,22.959501266479492,21.743667602539062,24.11372184753418
1987.0,24.16923713684082,22.346675872802734,23.25482177734375,NaN,23.292205810546875,22.220605850219727,23.432729721069336,23.023012161254883,23.29637908935547,22.172054290771484,22.983436584472656,22.167394638061523,23.690404891967773,22.946609497070312,22.934486389160156,22.8333683013916,22.819934844970703,22.34601593017578,23.95693016052246,23.739316940307617,23.668685913085938,23.46954917907715,23.083993094308035,23.023012161254883,22.819934844970703,23.46954917907715,22.172054290771484,23.95693016052246
1988.0,23.117246627807617,22.38619041442871,22.848180770874023,NaN,22.557416915893555,23.050832748413086,22.002424240112305,22.32573890686035,22.854938507080078,22.569377899169922,23.48430061340332,22.466285705566406,22.462631225585938,22.35344696044922,23.482318878173828,21.932153701782227,22.975299835205078,23.032957077026367,22.81045913696289,23.527429580688477,23.006723403930664,23.47044563293457,22.796038037254696,22.848180770874023,22.462631225585938,23.050832748413086,22.002424240112305,23.48430061340332
1989.0,22.03118896484375,21.153621673583984,22.52713966369629,NaN,23.120670318603516,22.067413330078125,22.620071411132812,23.40591812133789,22.811708450317383,21.852264404296875,22.2954158782959,22.746679306030273,24.96475601196289,21.790380477905273,23.8214054107666,23.37275505065918,22.952545166015625,21.5064754486084,24.281288146972656,21.969953536987305,23.07264518737793,23.268169403076172,22.744403112502326,22.746679306030273,22.03118896484375,23.268169403076172,21.5064754486084,24.281288146972656
1990.0,21.548480987548828,23.282745361328125,21.638046264648438,NaN,23.17908477783203,23.02448272705078,23.499971389770508,21.640705108642578,23.817031860351562,21.014497756958008,23.470382690429688,22.617717742919922,24.34969711303711,23.28748893737793,23.599435806274414,22.864967346191406,22.881589889526367,21.977773666381836,24.10869789123535,22.842832565307617,22.352304458618164,23.199111938476562,22.866526013328915,23.02448272705078,22.352304458618164,23.470382690429688,21.548480987548828,24.10869789123535
1991.0,22.738107681274414,22.39261817932129,23.842479705810547,NaN,21.996265411376953,22.598590850830078,22.23882484436035,22.428972244262695,21.950763702392578,21.82381248474121,23.321149826049805,23.22187042236328,21.77176856994629,21.117961883544922,23.54198455810547,23.34404182434082,23.28915023803711,23.302005767822266,23.96430015563965,21.686391830444336,22.964630126953125,23.023319244384766,22.69328616914295,22.738107681274414,21.996265411376953,23.302005767822266,21.686391830444336,23.842479705810547
1992.0,22.0395450592041,22.00485610961914,21.83037567138672,NaN,20.553117752075195,23.130693435668945,21.12604522705078,21.163860321044922,22.490402221679688,22.047447204589844,22.784486770629883,20.84668731689453,21.65480613708496,21.419937133789062,23.38345718383789,22.104249954223633,22.05427360534668,21.712574005126953,22.236595153808594,22.822139739990234,21.951000213623047,23.490127563476562,22.04031798953102,22.0395450592041,21.65480613708496,22.490402221679688,20.84668731689453,23.38345718383789
1993.0,22.391189575195312,22.249500274658203,23.06349754333496,NaN,20.740631103515625,23.51279067993164,22.70176124572754,21.218429565429688,22.628389358520508,22.172962188720703,21.498273849487305,22.970325469970703,21.61030387878418,21.637584686279297,22.053953170776367,19.465702056884766,23.147321701049805,21.55786895751953,22.678226470947266,22.514799118041992,22.5787353515625,21.981998443603516,22.11305927094959,22.249500274658203,21.61030387878418,22.678226470947266,20.740631103515625,23.147321701049805
1994.0,21.79033851623535,23.679805755615234,23.273954391479492,NaN,23.817201614379883,22.670963287353516,22.96092987060547,22.157747268676758,22.179405212402344,21.840736389160156,22.90947723388672,22.680326461791992,23.409976959228516,22.775976181030273,22.148059844970703,21.710460662841797,22.490215301513672,22.07417869567871,24.022050857543945,23.613067626953125,23.44635581970215,22.701662063598633,22.778709048316593,22.701662063598633,22.157747268676758,23.409976959228516,21.79033851623535,23.817201614379883
1995.0,22.7911434173584,22.667070388793945,23.026813507080078,NaN,24.39935302734375,23.104751586914062,23.459150314331055,22.903430938720703,22.207300186157227,24.126548767089844,24.22713851928711,24.271446228027344,23.030319213867188,22.104827880859375,23.579757690429688,22.965660095214844,22.488367080688477,21.91219139099121,23.319042205810547,23.464231491088867,23.05368995666504,22.578941345214844,23.127675011044456,23.030319213867188,22.667070388793945,23.464231491088867,22.104827880859375,24.271446228027344
1996.0,22.492496490478516,21.637907028198242,23.87434959411621,NaN,23.61142921447754,22.35310935974121,22.157793045043945,22.50973892211914,23.485551834106445,23.86009979248047,23.42633819580078,23.460617065429688,23.46247673034668,23.485694885253906,22.095216751098633,24.10557746887207,22.738256454467773,23.744428634643555,22.60015296936035,24.179285049438477,23.304567337036133,22.013309478759766,23.076114109584264,23.42633819580078,22.492496490478516,23.61142921447754,22.013309478759766,24.10557746887207
1997.0,21.951791763305664,22.519296646118164,21.80175018310547,NaN,22.270980834960938,23.129114151000977,22.23941421508789,23.142318725585938,23.04973030090332,23.123720169067383,21.920490264892578,23.681459426879883,22.76193618774414,23.125629425048828,23.629220962524414,23.631587982177734,23.56522560119629,23.403560638427734,21.642181396484375,22.333328247070312,22.33264923095703,24.157968521118164,22.829207374936058,23.04973030090332,22.270980834960938,23.403560638427734,21.80175018310547,23.681459426879883
1998.0,22.23674774169922,23.069501876831055,22.413475036621094,NaN,22.992530822753906,23.208391189575195,21.58812141418457,23.968994140625,22.662948608398438,23.857284545898438,23.737648010253906,22.09787368774414,24.022069931030273,24.68974494934082,22.98424530029297,22.559728622436523,23.309091567993164,22.879941940307617,21.71316909790039,22.75874900817871,23.768827438354492,23.689119338989258,23.057533536638534,22.992530822753906,22.559728622436523,23.737648010253906,21.71316909790039,24.022069931030273
1999.0,23.628786087036133,23.175647735595703,22.83751678466797,NaN,24.502492904663086,23.30893898010254,22.243003845214844,22.733732223510742,24.79430389404297,23.17019271850586,23.240169525146484,23.806947708129883,24.195825576782227,22.286746978759766,23.227069854736328,22.770248413085938,22.854032516479492,21.144546508789062,22.327856063842773,22.07833480834961,22.38231658935547,23.64444351196289,23.064435868036178,23.17019271850586,22.38231658935547,23.628786087036133,22.07833480834961,24.502492904663086
2000.0,23.686609268188477,23.613758087158203,22.545703887939453,NaN,23.976381301879883,23.112377166748047,20.181564331054688,21.993976593017578,22.169889450073242,23.577991485595703,23.502761840820312,24.505971908569336,20.95745849609375,24.91615104675293,22.06140899658203,23.639101028442383,23.73348617553711,22.863100051879883,23.002220153808594,21.883769989013672,22.664173126220703,23.63027572631836,22.962768100556872,23.112377166748047,22.169889450073242,23.639101028442383,20.95745849609375,24.505971908569336
2001.0,23.6394100189209,22.90009880065918,23.459043502807617,NaN,23.464630126953125,23.719181060791016,23.534744262695312,22.032968521118164,22.961368560791016,22.06734848022461,23.086084365844727,23.987199783325195,23.003374099731445,23.88179588317871,23.928621292114258,24.36806869506836,23.5863094329834,22.374530792236328,23.14855194091797,21.05066680908203,23.005857467651367,23.741863250732422,23.187700816563197,23.459043502807617,22.961368560791016,23.719181060791016,22.032968521118164,23.987199783325195
2002.0,23.683631896972656,22.682464599609375,22.878053665161133,NaN,22.238609313964844,23.5859317779541,24.47609519958496,24.441850662231445,21.889928817749023,22.874980926513672,23.458498001098633,24.348060607910156,22.64643096923828,22.780725479125977,22.98910903930664,23.83252716064453,23.185714721679688,23.734914779663086,23.551074981689453,24.238235473632812,25.089035034179688,22.82189178466797,23.401322137741815,23.458498001098633,22.82189178466797,23.83252716064453,22.238609313964844,24.47609519958496
2003.0,22.09526252746582,24.28975486755371,23.021596908569336,NaN,24.3834285736084,21.080278396606445,24.502695083618164,24.117040634155273,23.148536682128906,22.494447708129883,23.64482307434082,23.636890411376953,23.292634963989258,22.457334518432617,23.70445442199707,22.008790969848633,23.18623924255371,22.67380142211914,22.624488830566406,22.834354400634766,23.76017951965332,23.21493148803711,23.151045935494558,23.18623924255371,22.624488830566406,23.70445442199707,22.008790969848633,24.3834285736084
2004.0,22.3568115234375,24.552371978759766,23.76508903503418,NaN,25.678407669067383,23.302528381347656,22.778688430786133,25.852327346801758,22.98722267150879,24.116716384887695,23.576126098632812,24.18812370300293,24.084806442260742,23.807924270629883,22.48198127746582,21.9838809967041,23.547195434570312,23.963829040527344,22.936845779418945,23.4970645904541,23.108741760253906,22.921815872192383,23.594690413702104,23.547195434570312,22.936845779418945,24.084806442260742,22.3568115234375,25.678407669067383
2005.0,22.956012725830078,23.493349075317383,23.890161514282227,NaN,24.180763244628906,23.58684730529785,23.56593894958496,24.598949432373047,23.138320922851562,22.74610710144043,23.82411766052246,24.557350158691406,23.256763458251953,22.547319412231445,23.943635940551758,23.578065872192383,23.36920928955078,23.57904624938965,23.41046714782715,23.37264633178711,23.511245727539062,22.865930557250977,23.52248800368536,23.511245727539062,23.256763458251953,23.82411766052246,22.74610710144043,24.557350158691406
2006.0,22.607759475708008,23.708877563476562,23.515134811401367,NaN,22.814477920532227,23.71933937072754,23.807079315185547,23.13422203063965,22.769559860229492,24.62506675720215,22.251628875732422,22.911563873291016,22.863176345825195,22.536762237548828,22.20755958557129,24.360502243041992,24.442115783691406,23.351375579833984,24.450618743896484,23.18323516845703,24.169483184814453,23.36559295654297,23.371196746826172,23.351375579833984,22.814477920532227,23.807079315185547,22.251628875732422,24.450618743896484
2007.0,23.18802261352539,23.920127868652344,21.821645736694336,NaN,22.247257232666016,23.078245162963867,24.12017822265625,24.838150024414062,22.766742706298828,24.2468318939209,22.88600730895996,23.70343589782715,22.235855102539062,24.601030349731445,24.113962173461914,23.002344131469727,24.7618465423584,23.601900100708008,24.241750717163086,23.056163787841797,22.998266220092773,24.736173629760742,23.531711305890763,23.601900100708008,22.998266220092773,24.241750717163086,22.235855102539062,24.7618465423584
2008.0,23.772764205932617,22.960134506225586,23.795833587646484,NaN,23.542770385742188,23.849336624145508,24.302139282226562,23.585350036621094,23.56250762939453,23.59516716003418,23.7183895111084,22.950641632080078,24.057390213012695,23.997791290283203,25.220354080200195,21.7958927154541,23.144805908203125,24.110681533813477,23.058658599853516,21.162757873535156,22.917329788208008,24.176939010620117,23.489411217825754,23.59516716003418,23.058658599853516,23.997791290283203,21.7958927154541,24.302139282226562
2009.0,23.88201332092285,23.2746524810791,23.480188369750977,NaN,23.51069450378418,24.04615020751953,23.45535659790039,22.922401428222656,23.859149932861328,23.122793197631836,25.25522804260254,23.886327743530273,24.448781967163086,24.167037963867188,24.640464782714844,22.641347885131836,23.305788040161133,24.615819931030273,21.807266235351562,23.964683532714844,24.37016487121582,22.988466262817383,23.697370347522554,23.859149932861328,23.2746524810791,24.167037963867188,22.641347885131836,24.640464782714844
2010.0,23.620986938476562,23.910526275634766,24.23659324645996,NaN,23.66564178466797,23.252723693847656,23.54420280456543,23.396347045898438,23.230979919433594,22.891918182373047,23.14742088317871,23.678340911865234,24.449039459228516,23.61815071105957,23.462364196777344,25.03182601928711,23.42544937133789,23.503997802734375,24.71409797668457,23.862863540649414,23.169994354248047,23.778339385986328,23.694847833542596,23.61815071105957,23.396347045898438,23.862863540649414,23.14742088317871,24.71409797668457
2011.0,22.635072708129883,24.13669776916504,22.833206176757812,NaN,22.929668426513672,22.896032333374023,23.09139060974121,23.477909088134766,22.63766098022461,23.763809204101562,23.338788986206055,23.75025177001953,23.736467361450195,24.777368545532227,22.800464630126953,24.321210861206055,23.064620971679688,22.510637283325195,23.536916732788086,25.161165237426758,23.3941707611084,23.996559143066406,23.46619378952753,23.3941707611084,22.896032333374023,23.763809204101562,22.635072708129883,24.777368545532227
2012.0,23.86964988708496,23.404203414916992,23.366762161254883,NaN,21.67828369140625,24.196334838867188,25.123943328857422,22.763540267944336,23.179492950439453,22.70769500732422,22.77737045288086,23.918853759765625,22.46411895751953,23.42426300048828,23.243947982788086,22.20682144165039,24.749778747558594,22.136486053466797,22.31822967529297,23.553512573242188,24.52446174621582,23.107858657836914,23.272171837942942,23.243947982788086,22.70769500732422,23.86964988708496,22.136486053466797,24.749778747558594
2013.0,25.14129638671875,24.170120239257812,22.83457374572754,NaN,23.45829200744629,24.467069625854492,24.345149993896484,23.936874389648438,22.742919921875,23.920644760131836,23.413597106933594,22.903783798217773,23.84432601928711,23.99774932861328,24.077726364135742,21.90043830871582,23.546939849853516,23.386703491210938,24.370365142822266,22.06240463256836,23.183382034301758,23.18395233154297,23.566109975179035,23.546939849853516,23.183382034301758,24.077726364135742,22.06240463256836,24.467069625854492
2014.0,22.80860137939453,23.573774337768555,22.854965209960938,NaN,25.10393524169922,23.846792221069336,24.31493377685547,25.422719955444336,23.79952049255371,25.238800048828125,23.43546485900879,22.665077209472656,23.2115535736084,23.171463012695312,24.387155532836914,23.98663902282715,24.224836349487305,23.332876205444336,23.154802322387695,23.93744468688965,23.18341636657715,23.658340454101562,23.77681486947196,23.658340454101562,23.18341636657715,24.224836349487305,22.80860137939453,25.238800048828125
2015.0,24.176504135131836,24.067258834838867,24.129390716552734,NaN,23.894630432128906,23.94565200805664,24.04971694946289,25.76040267944336,23.06061553955078,24.145980834960938,23.35881233215332,23.289918899536133,23.685712814331055,23.122821807861328,24.212108612060547,23.950040817260742,24.040245056152344,23.957046508789062,24.067581176757812,25.13481330871582,25.242965698242188,23.02670669555664,24.015186945597332,24.040245056152344,23.685712814331055,24.145980834960938,23.06061553955078,25.242965698242188
2016.0,23.592487335205078,24.828838348388672,23.17093849182129,NaN,23.49343490600586,23.28374481201172,23.781797409057617,23.73225975036621,24.13884925842285,23.09286880493164,23.35866928100586,22.858991622924805,22.629398345947266,22.627626419067383,23.959814071655273,24.33017349243164,23.734201431274414,23.9432315826416,22.384714126586914,23.433818817138672,24.97626304626465,23.49905776977539,23.564341862996418,23.49905776977539,23.17093849182129,23.9432315826416,22.627626419067383,24.828838348388672
2017.0,24.438810348510742,25.524333953857422,23.931859970092773,NaN,21.229135513305664,23.072206497192383,23.904674530029297,23.90104866027832,23.720239639282227,23.362764358520508,24.00266456604004,25.121477127075195,23.6946964263916,23.22518539428711,24.413715362548828,24.53321075439453,23.628894805908203,24.277448654174805,23.60066032409668,22.30476188659668,22.72321319580078,23.334972381591797,23.711713064284552,23.720239639282227,23.334972381591797,24.277448654174805,22.30476188659668,25.121477127075195
2018.0,24.21952247619629,25.053186416625977,23.846376419067383,NaN,24.197057723999023,25.138341903686523,22.586748123168945,23.530441284179688,22.771251678466797,24.712337493896484,23.28092384338379,23.789714813232422,21.756664276123047,24.053192138671875,25.13019561767578,23.731651306152344,24.102006912231445,23.456472396850586,22.757017135620117,24.01726722717285,23.386445999145508,21.601842880249023,23.672317050752184,23.789714813232422,23.28092384338379,24.197057723999023,21.756664276123047,25.13019561767578
2019.0,24.110822677612305,24.66220474243164,24.435394287109375,NaN,25.24172019958496,23.641761779785156,23.238346099853516,23.93115997314453,23.767353057861328,22.833354949951172,22.529489517211914,23.930625915527344,23.464921951293945,24.505075454711914,24.430553436279297,24.756994247436523,24.30717658996582,22.934125900268555,23.782779693603516,23.624540328979492,23.660295486450195,23.515932083129883,23.8716489701044,23.782779693603516,23.515932083129883,24.430553436279297,22.833354949951172,24.756994247436523
2020.0,24.642127990722656,23.361061096191406,23.500822067260742,NaN,24.547725677490234,22.446502685546875,24.75263023376465,24.46500587463379,23.530258178710938,23.066877365112305,24.420225143432617,23.414169311523438,23.251319885253906,25.092905044555664,23.790821075439453,24.707386016845703,23.61313247680664,24.575260162353516,22.45905303955078,23.77632713317871,24.786815643310547,24.811771392822266,23.952961785452707,23.790821075439453,23.414169311523438,24.642127990722656,22.45905303955078,24.811771392822266
2021.0,24.81945037841797,24.010704040527344,24.198362350463867,NaN,22.78740882873535,23.436634063720703,23.7976131439209,24.60447120666504,25.841596603393555,24.519092559814453,24.834590911865234,23.580766677856445,23.310884475708008,24.27496337890625,24.34720230102539,23.59009552001953,23.62994956970215,22.63792610168457,23.703411102294922,23.782121658325195,23.57869529724121,24.15291976928711,23.973279044741677,23.7976131439209,23.580766677856445,24.34720230102539,22.78740882873535,24.834590911865234
2022.0,23.661718368530273,24.44272804260254,24.526987075805664,NaN,21.903932571411133,24.750150680541992,24.357097625732422,25.39152717590332,23.423986434936523,23.620893478393555,23.959171295166016,21.827150344848633,23.60122299194336,23.75360870361328,25.39955711364746,24.598159790039062,24.05349349975586,24.135988235473633,22.113794326782227,22.682355880737305,23.941951751708984,24.377426147460938,23.834423882620676,23.959171295166016,23.60122299194336,24.44272804260254,21.903932571411133,25.39152717590332
2023.0,24.986215591430664,23.56980323791504,24.78873062133789,NaN,22.49273109436035,23.444122314453125,25.089862823486328,25.57411766052246,23.973833084106445,22.94695472717285,22.74215316772461,22.38240623474121,23.896146774291992,22.184391021728516,23.743518829345703,25.594322204589844,24.303878784179688,23.838808059692383,23.49240493774414,24.35146713256836,24.155656814575195,24.044523239135742,23.88552611214774,23.896146774291992,23.444122314453125,24.35146713256836,22.38240623474121,25.57411766052246
2024.0,24.463882446289062,24.133968353271484,23.261917114257812,NaN,25.510086059570312,23.406435012817383,25.236736297607422,25.670162200927734,24.804529190063477,23.0330753326416,23.13910484313965,22.806787490844727,22.919673919677734,22.814559936523438,25.235261917114258,24.602527618408203,24.980506896972656,24.701976776123047,22.702327728271484,24.30902862548828,24.41416358947754,24.22708511352539,24.11303792681013,24.30902862548828,23.13910484313965,24.804529190063477,22.806787490844727,25.510086059570312
2025.0,25.319303512573242,24.551166534423828,23.678695678710938,NaN,25.25986099243164,24.663705825805664,23.99810791015625,23.053600311279297,22.839603424072266,22.358112335205078,24.703332901000977,22.753807067871094,24.43511390686035,23.75688934326172,26.52071762084961,24.102161407470703,23.73832893371582,23.46322250366211,23.50983238220215,24.109130859375,24.481504440307617,23.80068588256836,24.05223256065732,23.99810791015625,23.50983238220215,24.551166534423828,22.753807067871094,25.319303512573242
2026.0,25.351423263549805,25.09762954711914,23.30242347717285,NaN,24.48309326171875,25.987897872924805,23.74860382080078,26.15593147277832,24.38439178466797,23.966379165649414,23.680517196655273,23.17518424987793,24.094932556152344,25.746551513671875,25.98476219177246,22.682098388671875,24.56500244140625,22.49590301513672,24.086862564086914,24.78997230529785,24.510608673095703,24.22504234313965,24.405486243111746,24.38439178466797,23.74860382080078,25.09762954711914,22.682098388671875,25.987897872924805
2027.0,24.809511184692383,23.184253692626953,25.13388442993164,NaN,23.48219108581543,24.62798500061035,24.23972511291504,25.077486038208008,23.78253936767578,25.225431442260742,23.485137939453125,22.72220230102539,24.61623764038086,25.66248893737793,25.38540267944336,24.21278953552246,22.956029891967773,24.195831298828125,23.408891677856445,23.960311889648438,23.90685272216797,21.78915023803711,24.088777814592635,24.195831298828125,23.48219108581543,24.809511184692383,22.72220230102539,25.38540267944336
2028.0,24.083255767822266,22.953943252563477,24.732574462890625,NaN,21.90958023071289,23.998394012451172,23.144376754760742,27.199899673461914,24.65595817565918,25.316869735717773,24.38874053955078,22.4550724029541,24.87032127380371,24.230222702026367,25.756715774536133,26.33842658996582,24.698890686035156,24.592098236083984,24.643138885498047,24.194026947021484,23.56926155090332,22.589073181152344,24.30099242074149,24.38874053955078,23.56926155090332,24.732574462890625,22.4550724029541,26.33842658996582
2029.0,25.82329750061035,22.524381637573242,24.408769607543945,NaN,24.819795608520508,25.025957107543945,24.143569946289062,25.353158950805664,25.372934341430664,24.30596351623535,23.41115951538086,22.93385887145996,23.36191749572754,24.8251953125,24.8569278717041,25.209869384765625,24.439241409301758,23.20792579650879,23.625080108642578,24.46474266052246,25.093517303466797,24.192035675048828,24.352347601027716,24.439241409301758,23.625080108642578,25.025957107543945,22.93385887145996,25.372934341430664
2030.0,25.406190872192383,26.143444061279297,23.24555015563965,NaN,23.703548431396484,24.39089012145996,22.249500274658203,26.540271759033203,24.307987213134766,25.125768661499023,23.13569450378418,24.721153259277344,24.017370223999023,23.594860076904297,25.278322219848633,24.4980411529541,23.914627075195312,23.49835205078125,24.23456573486328,24.63484001159668,24.8470401763916,24.194517135620117,24.365835008167085,24.307987213134766,23.703548431396484,24.8470401763916,23.13569450378418,26.143444061279297
2031.0,24.025348663330078,24.521976470947266,23.33270263671875,NaN,23.60084342956543,24.669857025146484,25.179550170898438,23.917097091674805,24.289846420288086,24.418907165527344,24.018566131591797,24.56395721435547,24.27248764038086,22.443675994873047,25.81837272644043,24.813364028930664,23.23077964782715,23.547945022583008,24.264677047729492,24.786161422729492,25.163198471069336,23.483549118041992,24.20775540669759,24.27248764038086,23.60084342956543,24.669857025146484,23.23077964782715,25.179550170898438
2032.0,24.452985763549805,24.466493606567383,23.8909854888916,NaN,24.14203453063965,24.829050064086914,25.077777862548828,23.747652053833008,22.957124710083008,23.636945724487305,24.25507354736328,24.021791458129883,24.649532318115234,23.431312561035156,22.52106285095215,24.917522430419922,23.94472885131836,24.737613677978516,23.63273811340332,24.958805084228516,23.616518020629883,22.535017013549805,24.020131701514835,24.021791458129883,23.63273811340332,24.649532318115234,22.535017013549805,24.958805084228516
2033.0,22.827594757080078,24.17116928100586,24.350238800048828,NaN,24.142324447631836,26.07328224182129,25.082496643066406,24.088228225708008,22.800968170166016,22.93056869506836,23.037275314331055,24.770082473754883,25.349994659423828,23.26602554321289,25.278724670410156,25.060359954833984,25.707584381103516,22.71865463256836,23.954639434814453,23.93906593322754,24.111820220947266,24.38665771484375,24.192750295003254,24.142324447631836,23.26602554321289,25.060359954833984,22.800968170166016,25.707584381103516
2034.0,25.46465301513672,24.864709854125977,22.80377960205078,NaN,24.457820892333984,25.386871337890625,23.2462215423584,24.673866271972656,24.353069305419922,23.960041046142578,23.491567611694336,24.71096420288086,24.232879638671875,22.608570098876953,26.577194213867188,26.009010314941406,25.358125686645508,24.37847328186035,24.586376190185547,24.774578094482422,25.24863624572754,24.792034149169922,24.570449647449312,24.673866271972656,24.232879638671875,25.24863624572754,22.80377960205078,26.009010314941406
2035.0,25.081087112426758,25.705150604248047,23.887069702148438,NaN,22.62980079650879,25.192853927612305,25.12861442565918,26.2562198638916,24.6358699798584,24.590129852294922,24.421527862548828,23.432960510253906,24.88052749633789,23.97590446472168,26.180784225463867,25.102832794189453,26.103376388549805,22.986948013305664,24.542264938354492,24.291221618652344,24.266679763793945,24.741527557373047,24.668254852294922,24.6358699798584,24.266679763793945,25.12861442565918,22.986948013305664,26.180784225463867
2036.0,24.189611434936523,24.747325897216797,24.584091186523438,NaN,21.633092880249023,24.620634078979492,24.868310928344727,27.109102249145508,24.072303771972656,23.655508041381836,25.670207977294922,24.812341690063477,24.689287185668945,23.752155303955078,25.206979751586914,25.83976173400879,25.066198348999023,23.966644287109375,22.935304641723633,23.935178756713867,25.48580551147461,24.190643310546875,24.525261379423597,24.620634078979492,23.966644287109375,25.066198348999023,22.935304641723633,25.83976173400879
2037.0,24.36713981628418,24.349382400512695,24.39754295349121,NaN,23.575130462646484,24.905454635620117,25.624393463134766,24.629831314086914,23.86821937561035,24.026002883911133,25.557270050048828,25.034208297729492,24.526126861572266,24.482799530029297,23.721193313598633,23.9583683013916,23.972929000854492,23.442581176757812,24.64805030822754,24.01415252685547,24.156776428222656,22.827396392822266,24.289759499686106,24.349382400512695,23.9583683013916,24.629831314086914,23.442581176757812,25.557270050048828
2038.0,24.99504280090332,24.77776336669922,24.10341453552246,NaN,25.134260177612305,26.205123901367188,24.549591064453125,23.99149513244629,23.95478630065918,26.229663848876953,23.66036033630371,23.444522857666016,23.423919677734375,23.37782859802246,25.46535873413086,24.43072509765625,25.493322372436523,24.87894630432129,25.267032623291016,24.84688377380371,24.186229705810547,24.2591495513916,24.603591464814684,24.549591064453125,23.99149513244629,25.134260177612305,23.423919677734375,26.205123901367188
2039.0,26.21183967590332,25.438556671142578,24.76300621032715,NaN,24.34042739868164,23.233783721923828,24.51862335205078,25.0878963470459,24.283634185791016,23.74667739868164,25.594684600830078,25.308774948120117,24.926626205444336,23.89348793029785,27.324155807495117,25.17694854736328,25.114416122436523,23.13502311706543,24.765424728393555,24.621417999267578,25.09903907775879,24.669754028320312,24.821628479730514,24.765424728393555,24.34042739868164,25.17694854736328,23.233783721923828,26.21183967590332
2040.0,25.13614273071289,25.595596313476562,25.01039695739746,NaN,23.35906219482422,24.98300552368164,24.511058807373047,25.961517333984375,24.80622100830078,23.61042594909668,25.635883331298828,25.93524932861328,25.226287841796875,24.870338439941406,26.772260665893555,25.461015701293945,24.694732666015625,24.895723342895508,25.17107391357422,24.38907814025879,23.060653686523438,24.34406852722168,24.92522820972261,24.98300552368164,24.511058807373047,25.461015701293945,23.35906219482422,25.961517333984375
2041.0,25.35385513305664,24.439022064208984,25.032917022705078,NaN,23.508569717407227,24.975048065185547,23.435382843017578,25.029409408569336,25.10687255859375,24.603769302368164,25.051233291625977,24.459321975708008,25.98952293395996,24.797527313232422,25.830427169799805,24.149036407470703,25.05789566040039,24.563249588012695,24.664758682250977,23.351743698120117,25.810667037963867,24.050914764404297,24.726721173241025,24.797527313232422,24.439022064208984,25.05789566040039,23.435382843017578,25.830427169799805
2042.0,24.632638931274414,24.51554298400879,24.228212356567383,NaN,24.436004638671875,25.285472869873047,24.903644561767578,25.404409408569336,23.879060745239258,24.04327964782715,24.534000396728516,24.873201370239258,26.470144271850586,24.71746253967285,26.163267135620117,26.741106033325195,25.74844741821289,25.24147605895996,24.09186363220215,25.331777572631836,23.648757934570312,23.662628173828125,24.8834475562686,24.71746253967285,24.228212356567383,25.331777572631836,23.662628173828125,26.470144271850586
2043.0,26.86144256591797,25.621740341186523,23.97122573852539,NaN,24.319561004638672,25.15467643737793,25.519119262695312,24.441404342651367,25.049501419067383,23.69293975830078,24.479692459106445,25.7413387298584,26.07746124267578,26.240034103393555,25.700157165527344,27.078571319580078,25.385467529296875,23.655576705932617,24.396512985229492,26.300962448120117,22.741615295410156,25.181594848632812,25.12431408110119,25.181594848632812,24.396512985229492,25.7413387298584,23.655576705932617,26.86144256591797
2044.0,24.47589874267578,25.2165470123291,25.185646057128906,NaN,25.607362747192383,25.62794303894043,25.376449584960938,26.57082748413086,24.387277603149414,23.766155242919922,23.69951629638672,25.150955200195312,24.485363006591797,24.761825561523438,25.57872772216797,25.779294967651367,25.6342830657959,24.74259376525879,24.26900863647461,25.420452117919922,25.67948341369629,25.01271629333496,25.068015598115466,25.185646057128906,24.485363006591797,25.607362747192383,23.766155242919922,25.779294967651367
2045.0,25.20302391052246,25.894384384155273,25.51718521118164,NaN,26.5221004486084,26.44985580444336,25.094640731811523,25.15296173095703,24.01913833618164,23.81869125366211,24.77029037475586,24.23671531677246,25.96635627746582,25.040576934814453,25.279708862304688,24.45709228515625,23.827651977539062,25.056915283203125,24.349760055541992,24.677749633789062,24.69791603088379,25.699432373046875,25.034864153180802,25.056915283203125,24.45709228515625,25.51718521118164,23.827651977539062,26.44985580444336
2046.0,25.219898223876953,24.095684051513672,23.658203125,NaN,27.130279541015625,25.69290542602539,25.55674171447754,24.66822052001953,24.09116554260254,25.48861312866211,25.256671905517578,25.17487907409668,25.181772232055664,25.43623161315918,25.64490509033203,25.12189292907715,24.806678771972656,24.68841552734375,23.433778762817383,26.0357608795166,25.593841552734375,25.16664695739746,25.1020565032959,25.181772232055664,24.68841552734375,25.55674171447754,23.658203125,26.0357608795166
2047.0,25.053422927856445,25.355762481689453,25.085546493530273,NaN,25.68581199645996,24.16111946105957,25.107349395751953,24.922534942626953,26.1409854888916,25.442720413208008,24.92583656311035,23.10904312133789,24.969932556152344,26.24321937561035,26.1800479888916,24.59602928161621,26.290563583374023,24.61530303955078,25.777774810791016,24.976736068725586,25.678871154785156,24.209808349609375,25.16801997593471,25.085546493530273,24.922534942626953,25.68581199645996,24.16111946105957,26.24321937561035
2048.0,24.891313552856445,26.007230758666992,25.228622436523438,NaN,23.49447250366211,24.676876068115234,25.91933822631836,24.726669311523438,24.745662689208984,24.772844314575195,24.355527877807617,24.272939682006836,26.149141311645508,26.341520309448242,26.708026885986328,25.489065170288086,26.56433868408203,23.56963539123535,24.09419822692871,25.3249454498291,24.134939193725586,25.62812042236328,25.099782307942707,24.891313552856445,24.355527877807617,25.91933822631836,23.56963539123535,26.56433868408203
2049.0,24.826623916625977,25.651813507080078,25.858795166015625,NaN,23.80860137939453,24.432941436767578,24.677547454833984,25.889108657836914,24.62618064880371,24.30966567993164,24.92061424255371,24.71101188659668,24.887378692626953,24.945585250854492,25.78258514404297,27.829593658447266,24.948911666870117,24.87991714477539,24.82037353515625,25.243680953979492,23.94793701171875,25.791135787963867,25.08523822966076,24.887378692626953,24.677547454833984,25.651813507080078,23.94793701171875,25.889108657836914
2050.0,25.468549728393555,25.833486557006836,24.91510581970215,NaN,24.65357208251953,25.476287841796875,25.28785514831543,27.9743709564209,24.056615829467773,25.35095977783203,24.03376579284668,24.773296356201172,24.997297286987305,25.552488327026367,26.327531814575195,25.126798629760742,25.90673065185547,26.353675842285156,25.570430755615234,26.020456314086914,23.768667221069336,25.415084838867188,25.37442988441104,25.415084838867188,24.91510581970215,25.833486557006836,24.03376579284668,26.353675842285156
2051.0,25.85341453552246,25.96479606628418,25.650644302368164,NaN,27.12411117553711,25.038131713867188,25.51790428161621,26.88937759399414,24.828750610351562,25.40971565246582,25.073322296142578,25.853389739990234,24.818647384643555,25.110618591308594,26.44359016418457,24.595111846923828,26.754236221313477,24.72178077697754,24.98166275024414,26.83106803894043,26.296308517456055,24.397024154663086,25.62636221022833,25.51790428161621,24.98166275024414,26.296308517456055,24.595111846923828,26.88937759399414
2052.0,25.967517852783203,24.90280532836914,25.236799240112305,NaN,26.129610061645508,25.141481399536133,24.827463150024414,24.624814987182617,25.44681167602539,25.244613647460938,24.674850463867188,26.230289459228516,24.708797454833984,24.414140701293945,25.18109893798828,26.055631637573242,24.364238739013672,24.842510223388672,26.46974754333496,25.844560623168945,24.976781845092773,25.05533218383789,25.254280816941034,25.141481399536133,24.827463150024414,25.844560623168945,24.414140701293945,26.230289459228516
2053.0,26.04392433166504,26.259889602661133,24.924480438232422,NaN,24.534719467163086,26.187206268310547,26.72498893737793,25.769384384155273,24.9752197265625,24.081809997558594,24.96038818359375,25.753747940063477,23.632165908813477,25.915103912353516,26.333314895629883,25.858625411987305,25.711191177368164,24.886415481567383,26.26758575439453,27.67890167236328,25.230396270751953,24.423667907714844,25.531101317632768,25.753747940063477,24.924480438232422,26.187206268310547,24.081809997558594,26.72498893737793
2054.0,26.12276840209961,25.666263580322266,25.414113998413086,NaN,23.623823165893555,26.03903579711914,24.816068649291992,27.323116302490234,24.63288688659668,24.284809112548828,26.32935333251953,25.601179122924805,24.247568130493164,25.80182647705078,26.865253448486328,26.455286026000977,25.508764266967773,25.08679962158203,25.04583168029785,26.344881057739258,24.74344825744629,27.056640625,25.57189133053734,25.601179122924805,24.816068649291992,26.32935333251953,24.247568130493164,27.056640625
2055.0,25.117050170898438,26.019577026367188,25.42609405517578,NaN,25.984525680541992,26.670711517333984,26.12706756591797,27.694713592529297,24.080245971679688,26.544729232788086,25.355175018310547,23.587749481201172,26.17679786682129,24.849435806274414,25.427799224853516,23.82648277282715,25.67443084716797,25.804872512817383,22.975784301757812,25.953968048095703,25.38990020751953,24.543354034423828,25.39192690168108,25.427799224853516,24.849435806274414,26.019577026367188,23.587749481201172,26.670711517333984
2056.0,25.67621421813965,23.598480224609375,25.49077033996582,NaN,25.943115234375,26.194263458251953,27.261991500854492,27.224523544311523,25.18386459350586,25.345922470092773,24.671926498413086,25.478775024414062,27.1623477935791,24.893903732299805,25.907978057861328,24.648120880126953,26.338523864746094,24.639842987060547,23.2584285736084,24.33041763305664,25.52075958251953,24.35308265686035,25.38682156517392,25.478775024414062,24.648120880126953,25.943115234375,23.598480224609375,27.224523544311523
2057.0,26.05467414855957,25.32552146911621,24.907167434692383,NaN,25.796310424804688,26.44873809814453,24.698720932006836,25.45720863342285,24.569808959960938,25.019847869873047,24.97924041748047,25.759506225585938,24.665449142456055,25.962350845336914,27.031551361083984,25.8262996673584,25.617000579833984,26.184661865234375,25.426984786987305,25.31123161315918,25.08173370361328,25.449769973754883,25.503513245355514,25.449769973754883,25.019847869873047,25.8262996673584,24.665449142456055,26.44873809814453
2058.0,25.846569061279297,25.751691818237305,24.93583106994629,NaN,26.592674255371094,25.44964599609375,27.030803680419922,26.08405303955078,25.174251556396484,26.40620994567871,25.221904754638672,25.462751388549805,25.66158676147461,24.641374588012695,26.704967498779297,26.593643188476562,25.524120330810547,25.172121047973633,25.46429443359375,25.66874122619629,25.14789390563965,26.752290725708008,25.775591441563197,25.66158676147461,25.221904754638672,26.40620994567871,24.93583106994629,26.752290725708008
2059.0,26.62535858154297,26.66384506225586,25.038034439086914,NaN,24.65725326538086,25.05409049987793,25.194442749023438,28.47921371459961,25.40406608581543,26.51865005493164,25.581161499023438,24.85750961303711,24.473539352416992,26.128236770629883,26.84006118774414,24.600812911987305,26.73580551147461,25.758289337158203,26.106950759887695,26.59070587158203,26.2886905670166,25.46772003173828,25.860211326962425,25.758289337158203,25.05409049987793,26.59070587158203,24.600812911987305,26.84006118774414
2060.0,26.61907196044922,24.38422203063965,26.26917266845703,NaN,24.294654846191406,27.185213088989258,26.072668075561523,25.8076114654541,25.45118522644043,25.742952346801758,24.66367530822754,26.1695613861084,26.409584045410156,25.294666290283203,26.469709396362305,25.075944900512695,26.076852798461914,25.993738174438477,26.591590881347656,26.84576416015625,25.72757911682129,25.84506607055664,25.856689725603378,25.993738174438477,25.45118522644043,26.409584045410156,24.38422203063965,26.84576416015625
2061.0,26.09661865234375,24.938051223754883,25.306407928466797,NaN,27.513607025146484,26.657215118408203,25.73695945739746,27.1002197265625,24.125930786132812,26.05183219909668,25.559005737304688,27.004106521606445,25.76482582092285,25.44036293029785,26.186506271362305,27.200416564941406,27.333280563354492,25.154043197631836,23.99015235900879,25.902780532836914,24.307279586791992,26.40167999267578,25.893870580764045,25.902780532836914,25.306407928466797,26.657215118408203,24.125930786132812,27.333280563354492
2062.0,25.810142517089844,25.65262794494629,26.19456672668457,NaN,26.535005569458008,27.879291534423828,26.480342864990234,26.37334632873535,25.443647384643555,26.680618286132812,24.75708770751953,26.006956100463867,25.644777297973633,26.723798751831055,27.85630226135254,27.161718368530273,25.009790420532227,26.425003051757812,24.861974716186523,25.273544311523438,24.569501876831055,25.79431915283203,26.05401729402088,26.006956100463867,25.443647384643555,26.535005569458008,24.75708770751953,27.85630226135254
2063.0,25.334882736206055,26.1402645111084,26.40625762939453,NaN,25.241687774658203,25.0703182220459,26.18910789489746,27.02666473388672,24.187116622924805,24.33193588256836,26.580059051513672,25.897096633911133,25.815181732177734,26.42356300354004,27.840190887451172,25.74089241027832,26.85980796813965,25.609912872314453,25.376054763793945,26.93907928466797,25.319746017456055,26.5142822265625,25.94495727902367,25.897096633911133,25.334882736206055,26.5142822265625,24.33193588256836,27.02666473388672
2064.0,26.458274841308594,26.135028839111328,26.89876365661621,NaN,26.476594924926758,26.278141021728516,24.510135650634766,27.664257049560547,24.81998634338379,24.25045394897461,24.109350204467773,26.339963912963867,26.71283531188965,27.399654388427734,27.190258026123047,25.472591400146484,25.910778045654297,26.357751846313477,26.467859268188477,25.945314407348633,25.971153259277344,23.58368682861328,25.95013491312663,26.278141021728516,25.472591400146484,26.476594924926758,24.109350204467773,27.399654388427734
2065.0,27.241369247436523,27.326581954956055,26.811296463012695,NaN,27.81842041015625,27.814172744750977,25.877704620361328,27.366418838500977,23.79328727722168,25.15300178527832,25.81015396118164,27.07745361328125,25.786212921142578,25.084548950195312,26.805130004882812,26.6409969329834,26.63111114501953,25.95258903503418,24.175687789916992,26.508398056030273,24.49280548095703,24.17810821533203,26.11168806893485,26.508398056030273,25.15300178527832,27.07745361328125,24.175687789916992,27.814172744750977
2066.0,27.736326217651367,25.18820571899414,27.26775550842285,NaN,25.318374633789062,26.654409408569336,27.553152084350586,25.77861213684082,25.57093620300293,25.805810928344727,26.534996032714844,26.002544403076172,24.990671157836914,24.166706085205078,26.131431579589844,27.645280838012695,24.978435516357422,26.02126693725586,25.179738998413086,27.99289894104004,24.77863121032715,24.561906814575195,25.993242445446196,25.805810928344727,25.179738998413086,26.654409408569336,24.561906814575195,27.736326217651367
2067.0,25.95926284790039,26.733198165893555,26.29102325439453,NaN,25.445877075195312,26.4190731048584,25.176952362060547,26.47042465209961,24.854875564575195,27.512165069580078,24.744400024414062,26.894929885864258,25.220989227294922,25.665685653686523,27.63913345336914,27.950965881347656,27.360496520996094,24.897201538085938,25.865110397338867,27.036869049072266,25.9644775390625,26.181352615356445,26.2040220896403,26.181352615356445,25.445877075195312,26.894929885864258,24.854875564575195,27.63913345336914
2068.0,26.395870208740234,26.3092098236084,25.625852584838867,NaN,26.019948959350586,26.175540924072266,27.791311264038086,27.976795196533203,26.10306167602539,25.87839698791504,24.804330825805664,25.85605239868164,24.457462310791016,26.087852478027344,27.466707229614258,27.721006393432617,26.622112274169922,27.49155044555664,27.520097732543945,26.92475700378418,27.57135581970215,25.45267105102539,26.488187789916992,26.3092098236084,25.87839698791504,27.49155044555664,24.804330825805664,27.791311264038086
2069.0,27.05410385131836,26.670001983642578,25.240446090698242,NaN,25.760780334472656,26.67707061767578,27.448076248168945,26.694377899169922,25.956016540527344,25.76167106628418,27.126256942749023,25.751380920410156,24.605865478515625,25.895036697387695,26.07794952392578,25.66727066040039,26.874826431274414,26.95843505859375,25.35416603088379,23.039752960205078,26.006555557250977,26.635543823242188,26.0597897484189,26.006555557250977,25.751380920410156,26.694377899169922,24.605865478515625,27.126256942749023
2070.0,26.571395874023438,26.517173767089844,26.12992286682129,NaN,25.49958038330078,27.4879150390625,26.952465057373047,26.982799530029297,24.489667892456055,26.312475204467773,26.537626266479492,27.031023025512695,27.111572265625,27.798954010009766,28.056781768798828,27.341365814208984,25.879457473754883,26.24211311340332,25.230979919433594,26.99110984802246,25.626056671142578,26.761014938354492,26.55006908235096,26.571395874023438,26.12992286682129,27.031023025512695,25.230979919433594,27.798954010009766
2071.0,27.301773071289062,27.468597412109375,25.62394142150879,NaN,26.6908016204834,28.193445205688477,25.796016693115234,27.082670211791992,26.28327178955078,26.327116012573242,26.423049926757812,26.542253494262695,25.66797637939453,26.48021697998047,28.208772659301758,29.010520935058594,26.710399627685547,27.238073348999023,25.97309684753418,27.3281307220459,25.234233856201172,26.269086837768555,26.754925954909552,26.542253494262695,26.269086837768555,27.301773071289062,25.62394142150879,28.208772659301758
2072.0,28.045719146728516,26.13962745666504,26.490507125854492,NaN,25.701278686523438,28.026796340942383,26.287891387939453,29.354677200317383,25.6087703704834,25.46993064880371,25.600597381591797,27.085552215576172,26.495515823364258,26.776325225830078,28.17336082458496,28.17133140563965,26.665910720825195,24.068574905395508,27.411489486694336,27.788707733154297,26.71064567565918,25.30077362060547,26.732094446818035,26.665910720825195,25.701278686523438,27.788707733154297,25.30077362060547,28.17336082458496
2073.0,27.17994499206543,25.96202850341797,26.56601905822754,NaN,24.56414222717285,29.017934799194336,26.289480209350586,28.439990997314453,24.9525146484375,25.702014923095703,27.617916107177734,26.570892333984375,27.119327545166016,27.041156768798828,27.321178436279297,26.153165817260742,27.782228469848633,25.443273544311523,26.510879516601562,27.194732666015625,25.987144470214844,26.71832275390625,26.67306137084961,26.570892333984375,25.987144470214844,27.194732666015625,24.9525146484375,28.439990997314453
2074.0,27.639728546142578,26.213165283203125,26.471599578857422,NaN,26.106040954589844,29.001733779907227,25.859296798706055,25.872703552246094,25.545494079589844,25.347257614135742,25.59527587890625,26.259553909301758,26.04989242553711,27.160083770751953,27.632747650146484,26.748735427856445,25.97727394104004,24.461793899536133,24.7626953125,26.282039642333984,26.007936477661133,26.55306053161621,26.26419566926502,26.106040954589844,25.859296798706055,26.55306053161621,24.7626953125,27.639728546142578
2075.0,25.576555252075195,26.826684951782227,26.011730194091797,NaN,27.528032302856445,27.738574981689453,28.33454132080078,27.331268310546875,25.437984466552734,27.309791564941406,26.485416412353516,25.52729606628418,25.58972930908203,28.256425857543945,26.955982208251953,25.949417114257812,26.187686920166016,25.164628982543945,26.587724685668945,25.885217666625977,26.075149536132812,25.43397331237793,26.485419591267902,26.187686920166016,25.58972930908203,27.309791564941406,25.43397331237793,28.256425857543945
2076.0,26.822158813476562,26.951515197753906,25.877656936645508,NaN,28.66805076599121,28.183378219604492,27.93939971923828,28.37217903137207,25.427886962890625,26.657739639282227,25.43720245361328,26.32229232788086,26.538894653320312,27.5197811126709,25.265119552612305,25.340011596679688,28.017370223999023,26.077407836914062,28.158435821533203,26.46982192993164,25.546049118041992,26.31826400756836,26.75764837719145,26.538894653320312,25.877656936645508,27.93939971923828,25.340011596679688,28.37217903137207
2077.0,26.49073028564453,25.887855529785156,26.726057052612305,NaN,26.94306755065918,27.86332130432129,27.207468032836914,26.690683364868164,24.726037979125977,26.37799072265625,25.06348991394043,27.54169464111328,26.32625389099121,26.274425506591797,26.80593490600586,27.698360443115234,27.528472900390625,25.518739700317383,26.624216079711914,27.184324264526367,26.985429763793945,26.799339294433594,26.63161395844959,26.726057052612305,26.32625389099121,27.184324264526367,25.06348991394043,27.698360443115234
2078.0,26.15401840209961,26.445758819580078,26.402755737304688,NaN,25.8658390045166,27.471309661865234,25.73579216003418,26.23306655883789,26.415504455566406,25.164735794067383,27.668132781982422,26.108678817749023,25.265506744384766,26.729095458984375,28.665084838867188,26.623605728149414,27.856884002685547,27.016130447387695,27.30851936340332,25.31390380859375,27.432861328125,28.595291137695312,26.689165478660946,26.445758819580078,26.108678817749023,27.432861328125,25.265506744384766,28.595291137695312
2079.0,27.087217330932617,26.67650032043457,26.666780471801758,NaN,28.456769943237305,28.709331512451172,27.083759307861328,28.623300552368164,27.065980911254883,27.168001174926758,25.15203857421875,25.230958938598633,26.700057983398438,26.95236587524414,27.7812442779541,27.239439010620117,27.833871841430664,25.990482330322266,27.03559684753418,27.437833786010742,26.097190856933594,25.592811584472656,26.980073020571755,27.065980911254883,26.666780471801758,27.437833786010742,25.230958938598633,28.623300552368164
2080.0,26.404558181762695,26.45526695251465,27.821062088012695,NaN,29.321577072143555,26.78598403930664,28.327924728393555,28.608049392700195,25.369600296020508,25.663433074951172,26.075952529907227,27.215818405151367,25.671663284301758,26.9985408782959,28.147628784179688,27.49323272705078,25.741960525512695,26.30205726623535,26.78306770324707,26.548049926757812,24.671085357666016,25.4232234954834,26.753796986171178,26.548049926757812,25.741960525512695,27.49323272705078,25.369600296020508,28.608049392700195
2081.0,27.96364974975586,25.58907127380371,26.365863800048828,NaN,28.967693328857422,29.50971221923828,29.211158752441406,29.58401107788086,25.789535522460938,25.175687789916992,25.871021270751953,25.10124397277832,26.129941940307617,27.563201904296875,28.345035552978516,27.87586212158203,27.303462982177734,27.121950149536133,27.11136817932129,26.46744728088379,26.80780792236328,25.81101417541504,27.126940046037948,27.11136817932129,25.871021270751953,27.96364974975586,25.175687789916992,29.50971221923828
2082.0,28.013547897338867,27.20803451538086,27.12252426147461,NaN,27.701810836791992,27.568557739257812,27.84894371032715,28.196908950805664,24.694055557250977,25.58272933959961,25.873004913330078,26.943937301635742,25.84577178955078,26.63334846496582,27.35959243774414,28.117324829101562,27.2841854095459,25.91644859313965,26.88258171081543,25.020641326904297,26.403087615966797,26.170148849487305,26.78034219287691,26.943937301635742,25.91644859313965,27.568557739257812,25.020641326904297,28.117324829101562
2083.0,27.24405288696289,27.302597045898438,26.179567337036133,NaN,27.37335205078125,27.954360961914062,28.625333786010742,29.059236526489258,25.777873992919922,26.93549919128418,25.723255157470703,27.02178382873535,27.050954818725586,26.511796951293945,27.103166580200195,28.574970245361328,28.07282257080078,26.6555118560791,27.34377098083496,26.189393997192383,25.667470932006836,26.9093074798584,27.10838472275507,27.050954818725586,26.511796951293945,27.37335205078125,25.723255157470703,28.625333786010742
2084.0,27.265609741210938,26.94149398803711,28.33346176147461,NaN,26.263853073120117,28.498708724975586,28.37006950378418,28.854177474975586,25.36081886291504,28.130613327026367,26.69204330444336,27.722265243530273,25.78771209716797,26.459659576416016,27.811555862426758,28.60946273803711,27.394176483154297,26.937152862548828,27.344751358032227,24.79915428161621,25.843690872192383,27.10110855102539,27.167692366100493,27.265609741210938,26.459659576416016,28.130613327026367,25.36081886291504,28.60946273803711
2085.0,27.028215408325195,26.56671905517578,28.76980972290039,NaN,28.46908187866211,27.928466796875,27.919288635253906,25.52870750427246,25.857343673706055,27.0949649810791,27.478158950805664,26.68108367919922,25.688854217529297,27.00593376159668,28.24220085144043,29.611366271972656,28.204307556152344,26.38037872314453,27.229618072509766,27.69579315185547,27.061668395996094,27.46222496032715,27.328770773751394,27.229618072509766,26.68108367919922,27.928466796875,25.688854217529297,28.76980972290039
2086.0,27.24749755859375,26.93327522277832,26.860309600830078,NaN,27.11225700378418,27.596349716186523,28.63901138305664,27.60689926147461,26.120548248291016,26.73493766784668,25.031335830688477,26.192337036132812,25.43521499633789,27.31960678100586,28.66516876220703,29.85152816772461,28.522584915161133,27.31612205505371,25.979284286499023,26.499765396118164,28.25901985168457,28.138765335083008,27.24103900364467,27.24749755859375,26.499765396118164,28.138765335083008,25.43521499633789,28.66516876220703
2087.0,26.815202713012695,27.168867111206055,26.497802734375,NaN,26.278797149658203,28.3171443939209,27.815975189208984,28.21514320373535,26.48344612121582,26.273344039916992,26.420066833496094,26.818639755249023,26.214683532714844,28.75497055053711,28.69744110107422,27.466432571411133,28.202014923095703,27.888320922851562,26.452606201171875,25.56707000732422,27.625539779663086,28.00328826904297,27.236990338280087,27.168867111206055,26.452606201171875,28.00328826904297,26.214683532714844,28.69744110107422
2088.0,27.87895965576172,26.20425033569336,28.584959030151367,NaN,26.785070419311523,27.658599853515625,28.439729690551758,27.900890350341797,25.154264450073242,25.826663970947266,25.669172286987305,27.868242263793945,25.91217613220215,27.401142120361328,27.73207664489746,27.527864456176758,25.580337524414062,25.499248504638672,27.21332359313965,26.325347900390625,26.748146057128906,26.72529411315918,26.887417112077987,26.785070419311523,25.91217613220215,27.73207664489746,25.499248504638672,28.439729690551758
2089.0,28.790557861328125,27.323667526245117,28.801664352416992,NaN,26.852657318115234,28.260242462158203,28.200401306152344,28.103513717651367,26.765228271484375,25.115880966186523,26.493927001953125,27.835458755493164,26.960371017456055,28.475738525390625,29.629472732543945,29.142385482788086,27.980440139770508,27.06015968322754,27.795440673828125,27.282569885253906,26.792396545410156,25.932443618774414,27.599743706839426,27.795440673828125,26.852657318115234,28.260242462158203,25.932443618774414,29.142385482788086
2090.0,28.109642028808594,28.159034729003906,27.767526626586914,NaN,27.695207595825195,29.519084930419922,29.4716796875,28.945045471191406,25.341352462768555,25.82330894470215,26.21495819091797,26.195632934570312,27.214696884155273,28.81307601928711,28.664344787597656,28.679363250732422,28.79631233215332,28.35101318359375,28.29496192932129,26.844133377075195,27.981719970703125,27.4365177154541,27.82469585963658,28.109642028808594,27.214696884155273,28.679363250732422,25.82330894470215,29.4716796875
2091.0,27.700950622558594,28.59991455078125,27.420846939086914,NaN,28.80694007873535,27.530929565429688,28.845518112182617,29.892915725708008,26.134193420410156,27.728063583374023,27.726743698120117,27.43622398376465,27.07645034790039,27.76334571838379,27.574094772338867,26.634035110473633,27.3167667388916,26.369483947753906,26.758358001708984,27.402189254760742,27.317703247070312,27.72218894958496,27.607516969953263,27.530929565429688,27.3167667388916,27.728063583374023,26.369483947753906,28.845518112182617
2092.0,28.314695358276367,27.757558822631836,28.128860473632812,NaN,29.787275314331055,29.5882511138916,28.523040771484375,28.819374084472656,25.078737258911133,27.66268539428711,26.21088409423828,26.48720932006836,26.496288299560547,26.89861297607422,27.792659759521484,28.261377334594727,28.663211822509766,28.71083641052246,27.36804962158203,27.4736270904541,25.317914962768555,28.63548469543457,27.713173094249907,27.792659759521484,26.89861297607422,28.63548469543457,25.317914962768555,29.5882511138916
2093.0,28.145872116088867,27.499427795410156,29.126623153686523,NaN,28.52665138244629,29.737815856933594,28.86269187927246,28.74570655822754,27.42308235168457,25.486488342285156,26.494272232055664,26.467851638793945,28.29720687866211,25.155029296875,28.664819717407227,29.341848373413086,27.68002700805664,26.904157638549805,27.48638343811035,27.461288452148438,26.51038360595703,27.219999313354492,27.67798223949614,27.499427795410156,26.904157638549805,28.664819717407227,25.486488342285156,29.341848373413086
2094.0,27.98409652709961,27.986833572387695,28.170473098754883,NaN,26.020462036132812,28.793867111206055,28.457767486572266,28.612430572509766,25.901010513305664,27.184921264648438,26.292444229125977,27.547584533691406,28.040618896484375,27.203929901123047,28.75882339477539,27.60410499572754,27.34747886657715,26.461091995239258,27.287647247314453,27.515830993652344,27.32057762145996,26.502363204956055,27.475921812511626,27.515830993652344,27.184921264648438,28.040618896484375,26.020462036132812,28.75882339477539
2095.0,28.428394317626953,27.673471450805664,26.725133895874023,NaN,29.17626190185547,28.466459274291992,30.234586715698242,29.46708106994629,26.08649444580078,27.82457733154297,26.951860427856445,28.41867446899414,27.698467254638672,29.73630142211914,28.639301300048828,26.02072525024414,28.106359481811523,26.714458465576172,28.702150344848633,27.193347930908203,28.8190975189209,27.673145294189453,28.03601664588565,28.106359481811523,27.193347930908203,28.702150344848633,26.08649444580078,29.73630142211914
2096.0,27.761449813842773,27.916706085205078,28.883861541748047,NaN,31.13673973083496,29.098325729370117,29.980113983154297,28.049943923950195,26.708871841430664,27.2040958404541,25.12870216369629,28.090669631958008,26.89382553100586,28.887422561645508,28.944231033325195,28.459909439086914,25.832151412963867,26.284257888793945,27.998332977294922,26.315773010253906,26.638038635253906,27.969472885131836,27.818233126685733,27.969472885131836,26.708871841430664,28.883861541748047,25.832151412963867,29.980113983154297
2097.0,27.72458839416504,27.783281326293945,27.797727584838867,NaN,29.501968383789062,28.901453018188477,30.138790130615234,27.650495529174805,26.1468505859375,26.55837631225586,26.296676635742188,27.367061614990234,25.877716064453125,26.615205764770508,28.99999237060547,29.78876495361328,27.628734588623047,27.042715072631836,27.603384017944336,28.060853958129883,27.512853622436523,28.490341186523438,27.78513481503441,27.650495529174805,27.042715072631836,28.490341186523438,26.1468505859375,29.78876495361328
2098.0,28.36260223388672,27.167444229125977,26.89671516418457,NaN,28.191884994506836,29.75390625,29.130107879638672,29.826025009155273,26.332996368408203,25.661312103271484,26.964324951171875,27.343595504760742,24.750646591186523,27.460111618041992,28.6283016204834,28.93279457092285,28.23998260498047,26.980947494506836,27.469751358032227,26.464187622070312,27.637929916381836,27.18207359313965,27.589411508469354,27.460111618041992,26.964324951171875,28.36260223388672,25.661312103271484,29.75390625
2099.0,28.319902420043945,28.099336624145508,28.87685775756836,NaN,27.466278076171875,30.22188377380371,28.933368682861328,29.389827728271484,26.177583694458008,26.03414535522461,27.023696899414062,28.08207130432129,28.673648834228516,28.41863441467285,27.89523696899414,27.72531509399414,29.307876586914062,27.810083389282227,28.51525115966797,26.807769775390625,27.393482208251953,26.778654098510742,27.997662135532924,28.08207130432129,27.393482208251953,28.673648834228516,26.177583694458008,29.389827728271484
2100.0,27.655166625976562,29.283735275268555,28.292755126953125,NaN,29.07586669921875,28.95908546447754,29.88909912109375,29.007402420043945,28.346342086791992,25.726451873779297,26.746864318847656,29.09918212890625,27.94538688659668,28.15339469909668,28.868961334228516,29.155122756958008,26.886913299560547,28.547069549560547,28.131032943725586,27.352672576904297,27.4724178314209,27.696739196777344,28.204364867437455,28.292755126953125,27.655166625976562,29.007402420043945,26.746864318847656,29.283735275268555
